ISO-10303-21;
HEADER;
FILE_DESCRIPTION(('FreeCAD Model'),'2;1');
FILE_NAME('Open CASCADE Shape Model','2026-01-10T17:23:24',(''),(''),
  'Open CASCADE STEP processor 7.7','FreeCAD','Unknown');
FILE_SCHEMA(('AUTOMOTIVE_DESIGN { 1 0 10303 214 1 1 1 1 }'));
ENDSEC;
DATA;
#1 = APPLICATION_PROTOCOL_DEFINITION('international standard',
  'automotive_design',2000,#2);
#2 = APPLICATION_CONTEXT(
  'core data for automotive mechanical design processes');
#3 = SHAPE_DEFINITION_REPRESENTATION(#4,#10);
#4 = PRODUCT_DEFINITION_SHAPE('','',#5);
#5 = PRODUCT_DEFINITION('design','',#6,#9);
#6 = PRODUCT_DEFINITION_FORMATION('','',#7);
#7 = PRODUCT('main_body','main_body','',(#8));
#8 = PRODUCT_CONTEXT('',#2,'mechanical');
#9 = PRODUCT_DEFINITION_CONTEXT('part definition',#2,'design');
#10 = ADVANCED_BREP_SHAPE_REPRESENTATION('',(#11,#15),#2527);
#11 = AXIS2_PLACEMENT_3D('',#12,#13,#14);
#12 = CARTESIAN_POINT('',(0.,0.,0.));
#13 = DIRECTION('',(0.,0.,1.));
#14 = DIRECTION('',(1.,0.,-0.));
#15 = MANIFOLD_SOLID_BREP('',#16);
#16 = CLOSED_SHELL('',(#17,#66,#113,#137,#161,#201,#232,#262,#605,#617,
    #642,#673,#697,#755,#813,#837,#854,#901,#948,#972,#989,#1036,#1083,
    #1107,#1124,#1171,#1218,#1242,#1259,#1306,#1353,#1377,#1394,#1441,
    #1488,#1512,#1529,#1549,#1563,#1594,#1625,#1649,#1673,#1685,#1697,
    #1728,#1752,#1782,#1794,#1825,#1849,#1879,#1891,#1922,#1946,#1976,
    #1988,#2019,#2043,#2073,#2085,#2116,#2140,#2170,#2182,#2207,#2227,
    #2252,#2272,#2297,#2317,#2342,#2362,#2387,#2407,#2427,#2447,#2467,
    #2487,#2507));
#17 = ADVANCED_FACE('',(#18),#61,.F.);
#18 = FACE_BOUND('',#19,.F.);
#19 = EDGE_LOOP('',(#20,#30,#39,#47,#55));
#20 = ORIENTED_EDGE('',*,*,#21,.T.);
#21 = EDGE_CURVE('',#22,#24,#26,.T.);
#22 = VERTEX_POINT('',#23);
#23 = CARTESIAN_POINT('',(65.5,-47.16506350946,108.75));
#24 = VERTEX_POINT('',#25);
#25 = CARTESIAN_POINT('',(65.5,-49.02336923485,108.75));
#26 = LINE('',#27,#28);
#27 = CARTESIAN_POINT('',(65.5,-47.16506350945,108.75));
#28 = VECTOR('',#29,1.);
#29 = DIRECTION('',(0.,-1.,0.));
#30 = ORIENTED_EDGE('',*,*,#31,.T.);
#31 = EDGE_CURVE('',#24,#32,#34,.T.);
#32 = VERTEX_POINT('',#33);
#33 = CARTESIAN_POINT('',(65.5,-49.02336923485,101.25));
#34 = CIRCLE('',#35,5.5);
#35 = AXIS2_PLACEMENT_3D('',#36,#37,#38);
#36 = CARTESIAN_POINT('',(65.5,-45.,105.));
#37 = DIRECTION('',(1.,0.,0.));
#38 = DIRECTION('',(0.,1.,0.));
#39 = ORIENTED_EDGE('',*,*,#40,.T.);
#40 = EDGE_CURVE('',#32,#41,#43,.T.);
#41 = VERTEX_POINT('',#42);
#42 = CARTESIAN_POINT('',(65.5,-47.16506350946,101.24999999999));
#43 = LINE('',#44,#45);
#44 = CARTESIAN_POINT('',(65.5,-47.16506350945,101.25));
#45 = VECTOR('',#46,1.);
#46 = DIRECTION('',(0.,1.,1.411198216787E-13));
#47 = ORIENTED_EDGE('',*,*,#48,.F.);
#48 = EDGE_CURVE('',#49,#41,#51,.T.);
#49 = VERTEX_POINT('',#50);
#50 = CARTESIAN_POINT('',(65.5,-49.33012701892,105.));
#51 = LINE('',#52,#53);
#52 = CARTESIAN_POINT('',(65.5,-49.33012701892,105.));
#53 = VECTOR('',#54,1.);
#54 = DIRECTION('',(0.,0.5,-0.866025403784));
#55 = ORIENTED_EDGE('',*,*,#56,.F.);
#56 = EDGE_CURVE('',#22,#49,#57,.T.);
#57 = LINE('',#58,#59);
#58 = CARTESIAN_POINT('',(65.5,-47.16506350946,108.75));
#59 = VECTOR('',#60,1.);
#60 = DIRECTION('',(0.,-0.5,-0.866025403784));
#61 = PLANE('',#62);
#62 = AXIS2_PLACEMENT_3D('',#63,#64,#65);
#63 = CARTESIAN_POINT('',(65.5,-15.,60.));
#64 = DIRECTION('',(1.,0.,0.));
#65 = DIRECTION('',(0.,0.,1.));
#66 = ADVANCED_FACE('',(#67),#108,.T.);
#67 = FACE_BOUND('',#68,.T.);
#68 = EDGE_LOOP('',(#69,#79,#87,#93,#94,#102));
#69 = ORIENTED_EDGE('',*,*,#70,.T.);
#70 = EDGE_CURVE('',#71,#73,#75,.T.);
#71 = VERTEX_POINT('',#72);
#72 = CARTESIAN_POINT('',(62.,-42.83493649054,108.75));
#73 = VERTEX_POINT('',#74);
#74 = CARTESIAN_POINT('',(67.,-42.83493649053,108.75));
#75 = LINE('',#76,#77);
#76 = CARTESIAN_POINT('',(62.,-42.83493649054,108.75));
#77 = VECTOR('',#78,1.);
#78 = DIRECTION('',(1.,0.,0.));
#79 = ORIENTED_EDGE('',*,*,#80,.T.);
#80 = EDGE_CURVE('',#73,#81,#83,.T.);
#81 = VERTEX_POINT('',#82);
#82 = CARTESIAN_POINT('',(67.,-47.16506350946,108.75));
#83 = LINE('',#84,#85);
#84 = CARTESIAN_POINT('',(67.,-42.83493649053,108.75));
#85 = VECTOR('',#86,1.);
#86 = DIRECTION('',(0.,-1.,0.));
#87 = ORIENTED_EDGE('',*,*,#88,.F.);
#88 = EDGE_CURVE('',#22,#81,#89,.T.);
#89 = LINE('',#90,#91);
#90 = CARTESIAN_POINT('',(65.5,-47.16506350946,108.75));
#91 = VECTOR('',#92,1.);
#92 = DIRECTION('',(1.,0.,0.));
#93 = ORIENTED_EDGE('',*,*,#21,.T.);
#94 = ORIENTED_EDGE('',*,*,#95,.F.);
#95 = EDGE_CURVE('',#96,#24,#98,.T.);
#96 = VERTEX_POINT('',#97);
#97 = CARTESIAN_POINT('',(62.,-49.02336923485,108.75));
#98 = LINE('',#99,#100);
#99 = CARTESIAN_POINT('',(62.,-49.02336923485,108.75));
#100 = VECTOR('',#101,1.);
#101 = DIRECTION('',(1.,0.,0.));
#102 = ORIENTED_EDGE('',*,*,#103,.F.);
#103 = EDGE_CURVE('',#71,#96,#104,.T.);
#104 = LINE('',#105,#106);
#105 = CARTESIAN_POINT('',(62.,-42.83493649054,108.75));
#106 = VECTOR('',#107,1.);
#107 = DIRECTION('',(0.,-1.,0.));
#108 = PLANE('',#109);
#109 = AXIS2_PLACEMENT_3D('',#110,#111,#112);
#110 = CARTESIAN_POINT('',(64.375431230997,-45.80458409369,108.75));
#111 = DIRECTION('',(1.033596381342E-13,1.473878327891E-14,-1.));
#112 = DIRECTION('',(-1.,0.,-1.033596381342E-13));
#113 = ADVANCED_FACE('',(#114),#132,.T.);
#114 = FACE_BOUND('',#115,.T.);
#115 = EDGE_LOOP('',(#116,#117,#125,#131));
#116 = ORIENTED_EDGE('',*,*,#88,.T.);
#117 = ORIENTED_EDGE('',*,*,#118,.T.);
#118 = EDGE_CURVE('',#81,#119,#121,.T.);
#119 = VERTEX_POINT('',#120);
#120 = CARTESIAN_POINT('',(67.,-49.33012701892,105.));
#121 = LINE('',#122,#123);
#122 = CARTESIAN_POINT('',(67.,-47.16506350946,108.75));
#123 = VECTOR('',#124,1.);
#124 = DIRECTION('',(0.,-0.5,-0.866025403784));
#125 = ORIENTED_EDGE('',*,*,#126,.F.);
#126 = EDGE_CURVE('',#49,#119,#127,.T.);
#127 = LINE('',#128,#129);
#128 = CARTESIAN_POINT('',(65.5,-49.33012701892,105.));
#129 = VECTOR('',#130,1.);
#130 = DIRECTION('',(1.,0.,0.));
#131 = ORIENTED_EDGE('',*,*,#56,.F.);
#132 = PLANE('',#133);
#133 = AXIS2_PLACEMENT_3D('',#134,#135,#136);
#134 = CARTESIAN_POINT('',(65.5,-47.16506350946,108.75));
#135 = DIRECTION('',(0.,0.866025403784,-0.5));
#136 = DIRECTION('',(0.,-0.5,-0.866025403784));
#137 = ADVANCED_FACE('',(#138),#156,.T.);
#138 = FACE_BOUND('',#139,.T.);
#139 = EDGE_LOOP('',(#140,#141,#149,#155));
#140 = ORIENTED_EDGE('',*,*,#126,.T.);
#141 = ORIENTED_EDGE('',*,*,#142,.T.);
#142 = EDGE_CURVE('',#119,#143,#145,.T.);
#143 = VERTEX_POINT('',#144);
#144 = CARTESIAN_POINT('',(67.,-47.16506350946,101.24999999999));
#145 = LINE('',#146,#147);
#146 = CARTESIAN_POINT('',(67.,-49.33012701892,105.));
#147 = VECTOR('',#148,1.);
#148 = DIRECTION('',(0.,0.5,-0.866025403784));
#149 = ORIENTED_EDGE('',*,*,#150,.F.);
#150 = EDGE_CURVE('',#41,#143,#151,.T.);
#151 = LINE('',#152,#153);
#152 = CARTESIAN_POINT('',(65.5,-47.16506350946,101.24999999999));
#153 = VECTOR('',#154,1.);
#154 = DIRECTION('',(1.,0.,0.));
#155 = ORIENTED_EDGE('',*,*,#48,.F.);
#156 = PLANE('',#157);
#157 = AXIS2_PLACEMENT_3D('',#158,#159,#160);
#158 = CARTESIAN_POINT('',(65.5,-49.33012701892,105.));
#159 = DIRECTION('',(0.,0.866025403784,0.5));
#160 = DIRECTION('',(0.,0.5,-0.866025403784));
#161 = ADVANCED_FACE('',(#162),#196,.T.);
#162 = FACE_BOUND('',#163,.T.);
#163 = EDGE_LOOP('',(#164,#172,#173,#174,#182,#190));
#164 = ORIENTED_EDGE('',*,*,#165,.T.);
#165 = EDGE_CURVE('',#166,#32,#168,.T.);
#166 = VERTEX_POINT('',#167);
#167 = CARTESIAN_POINT('',(62.,-49.02336923485,101.25));
#168 = LINE('',#169,#170);
#169 = CARTESIAN_POINT('',(62.,-49.02336923485,101.25));
#170 = VECTOR('',#171,1.);
#171 = DIRECTION('',(1.,0.,0.));
#172 = ORIENTED_EDGE('',*,*,#40,.T.);
#173 = ORIENTED_EDGE('',*,*,#150,.T.);
#174 = ORIENTED_EDGE('',*,*,#175,.T.);
#175 = EDGE_CURVE('',#143,#176,#178,.T.);
#176 = VERTEX_POINT('',#177);
#177 = CARTESIAN_POINT('',(67.,-42.83493649053,101.25));
#178 = LINE('',#179,#180);
#179 = CARTESIAN_POINT('',(67.,-47.16506350946,101.24999999999));
#180 = VECTOR('',#181,1.);
#181 = DIRECTION('',(0.,1.,1.148649711333E-13));
#182 = ORIENTED_EDGE('',*,*,#183,.F.);
#183 = EDGE_CURVE('',#184,#176,#186,.T.);
#184 = VERTEX_POINT('',#185);
#185 = CARTESIAN_POINT('',(62.,-42.83493649054,101.25));
#186 = LINE('',#187,#188);
#187 = CARTESIAN_POINT('',(65.5,-42.83493649053,101.25));
#188 = VECTOR('',#189,1.);
#189 = DIRECTION('',(1.,0.,0.));
#190 = ORIENTED_EDGE('',*,*,#191,.T.);
#191 = EDGE_CURVE('',#184,#166,#192,.T.);
#192 = LINE('',#193,#194);
#193 = CARTESIAN_POINT('',(62.,-47.16506350945,101.25));
#194 = VECTOR('',#195,1.);
#195 = DIRECTION('',(0.,-1.,0.));
#196 = PLANE('',#197);
#197 = AXIS2_PLACEMENT_3D('',#198,#199,#200);
#198 = CARTESIAN_POINT('',(64.375431230997,-45.80458409369,101.25));
#199 = DIRECTION('',(7.644112865607E-14,-5.62626559296E-14,1.));
#200 = DIRECTION('',(1.,0.,-7.644112865607E-14));
#201 = ADVANCED_FACE('',(#202),#227,.T.);
#202 = FACE_BOUND('',#203,.T.);
#203 = EDGE_LOOP('',(#204,#214,#220,#221));
#204 = ORIENTED_EDGE('',*,*,#205,.T.);
#205 = EDGE_CURVE('',#206,#208,#210,.T.);
#206 = VERTEX_POINT('',#207);
#207 = CARTESIAN_POINT('',(62.,-40.66987298108,105.));
#208 = VERTEX_POINT('',#209);
#209 = CARTESIAN_POINT('',(67.,-40.66987298107,105.));
#210 = LINE('',#211,#212);
#211 = CARTESIAN_POINT('',(62.,-40.66987298108,105.));
#212 = VECTOR('',#213,1.);
#213 = DIRECTION('',(1.,0.,0.));
#214 = ORIENTED_EDGE('',*,*,#215,.T.);
#215 = EDGE_CURVE('',#208,#73,#216,.T.);
#216 = LINE('',#217,#218);
#217 = CARTESIAN_POINT('',(67.,-40.66987298107,105.));
#218 = VECTOR('',#219,1.);
#219 = DIRECTION('',(0.,-0.5,0.866025403784));
#220 = ORIENTED_EDGE('',*,*,#70,.F.);
#221 = ORIENTED_EDGE('',*,*,#222,.F.);
#222 = EDGE_CURVE('',#206,#71,#223,.T.);
#223 = LINE('',#224,#225);
#224 = CARTESIAN_POINT('',(62.,-40.66987298108,105.));
#225 = VECTOR('',#226,1.);
#226 = DIRECTION('',(0.,-0.500000000001,0.866025403784));
#227 = PLANE('',#228);
#228 = AXIS2_PLACEMENT_3D('',#229,#230,#231);
#229 = CARTESIAN_POINT('',(64.5,-41.75240473581,106.875));
#230 = DIRECTION('',(1.172328712275E-12,-0.866025403784,-0.5));
#231 = DIRECTION('',(1.009741958683E-28,0.5,-0.866025403784));
#232 = ADVANCED_FACE('',(#233,#246),#257,.F.);
#233 = FACE_BOUND('',#234,.F.);
#234 = EDGE_LOOP('',(#235,#236,#237,#238,#239,#245));
#235 = ORIENTED_EDGE('',*,*,#80,.T.);
#236 = ORIENTED_EDGE('',*,*,#118,.T.);
#237 = ORIENTED_EDGE('',*,*,#142,.T.);
#238 = ORIENTED_EDGE('',*,*,#175,.T.);
#239 = ORIENTED_EDGE('',*,*,#240,.T.);
#240 = EDGE_CURVE('',#176,#208,#241,.T.);
#241 = LINE('',#242,#243);
#242 = CARTESIAN_POINT('',(67.,-42.83493649053,101.25));
#243 = VECTOR('',#244,1.);
#244 = DIRECTION('',(0.,0.5,0.866025403784));
#245 = ORIENTED_EDGE('',*,*,#215,.T.);
#246 = FACE_BOUND('',#247,.F.);
#247 = EDGE_LOOP('',(#248));
#248 = ORIENTED_EDGE('',*,*,#249,.F.);
#249 = EDGE_CURVE('',#250,#250,#252,.T.);
#250 = VERTEX_POINT('',#251);
#251 = CARTESIAN_POINT('',(67.,-42.75,105.));
#252 = CIRCLE('',#253,2.25);
#253 = AXIS2_PLACEMENT_3D('',#254,#255,#256);
#254 = CARTESIAN_POINT('',(67.,-45.,105.));
#255 = DIRECTION('',(1.,0.,0.));
#256 = DIRECTION('',(0.,1.,0.));
#257 = PLANE('',#258);
#258 = AXIS2_PLACEMENT_3D('',#259,#260,#261);
#259 = CARTESIAN_POINT('',(67.,-15.,60.));
#260 = DIRECTION('',(1.,0.,0.));
#261 = DIRECTION('',(0.,0.,1.));
#262 = ADVANCED_FACE('',(#263,#313,#365,#417,#469,#521,#573),#600,.T.);
#263 = FACE_BOUND('',#264,.T.);
#264 = EDGE_LOOP('',(#265,#275,#283,#291,#299,#307));
#265 = ORIENTED_EDGE('',*,*,#266,.F.);
#266 = EDGE_CURVE('',#267,#269,#271,.T.);
#267 = VERTEX_POINT('',#268);
#268 = CARTESIAN_POINT('',(62.,-29.5,124.));
#269 = VERTEX_POINT('',#270);
#270 = CARTESIAN_POINT('',(62.,-29.5,136.));
#271 = LINE('',#272,#273);
#272 = CARTESIAN_POINT('',(62.,-29.5,0.));
#273 = VECTOR('',#274,1.);
#274 = DIRECTION('',(0.,0.,1.));
#275 = ORIENTED_EDGE('',*,*,#276,.T.);
#276 = EDGE_CURVE('',#267,#277,#279,.T.);
#277 = VERTEX_POINT('',#278);
#278 = CARTESIAN_POINT('',(62.,-79.5,124.));
#279 = LINE('',#280,#281);
#280 = CARTESIAN_POINT('',(62.,-29.5,124.));
#281 = VECTOR('',#282,1.);
#282 = DIRECTION('',(0.,-1.,2.2E-16));
#283 = ORIENTED_EDGE('',*,*,#284,.F.);
#284 = EDGE_CURVE('',#285,#277,#287,.T.);
#285 = VERTEX_POINT('',#286);
#286 = CARTESIAN_POINT('',(62.,-79.5,1.1E-14));
#287 = LINE('',#288,#289);
#288 = CARTESIAN_POINT('',(62.,-79.5,1.1E-14));
#289 = VECTOR('',#290,1.);
#290 = DIRECTION('',(0.,0.,1.));
#291 = ORIENTED_EDGE('',*,*,#292,.T.);
#292 = EDGE_CURVE('',#285,#293,#295,.T.);
#293 = VERTEX_POINT('',#294);
#294 = CARTESIAN_POINT('',(62.,29.5,0.));
#295 = LINE('',#296,#297);
#296 = CARTESIAN_POINT('',(62.,-29.5,0.));
#297 = VECTOR('',#298,1.);
#298 = DIRECTION('',(0.,1.,0.));
#299 = ORIENTED_EDGE('',*,*,#300,.T.);
#300 = EDGE_CURVE('',#293,#301,#303,.T.);
#301 = VERTEX_POINT('',#302);
#302 = CARTESIAN_POINT('',(62.,29.5,136.));
#303 = LINE('',#304,#305);
#304 = CARTESIAN_POINT('',(62.,29.5,0.));
#305 = VECTOR('',#306,1.);
#306 = DIRECTION('',(0.,0.,1.));
#307 = ORIENTED_EDGE('',*,*,#308,.F.);
#308 = EDGE_CURVE('',#269,#301,#309,.T.);
#309 = LINE('',#310,#311);
#310 = CARTESIAN_POINT('',(62.,-29.5,136.));
#311 = VECTOR('',#312,1.);
#312 = DIRECTION('',(0.,1.,0.));
#313 = FACE_BOUND('',#314,.T.);
#314 = EDGE_LOOP('',(#315,#325,#333,#341,#349,#358));
#315 = ORIENTED_EDGE('',*,*,#316,.F.);
#316 = EDGE_CURVE('',#317,#319,#321,.T.);
#317 = VERTEX_POINT('',#318);
#318 = CARTESIAN_POINT('',(62.,17.165063509458,11.250000000005));
#319 = VERTEX_POINT('',#320);
#320 = CARTESIAN_POINT('',(62.,10.976630765136,11.250000000006));
#321 = LINE('',#322,#323);
#322 = CARTESIAN_POINT('',(62.,12.834936490542,11.250000000006));
#323 = VECTOR('',#324,1.);
#324 = DIRECTION('',(0.,-1.,0.));
#325 = ORIENTED_EDGE('',*,*,#326,.T.);
#326 = EDGE_CURVE('',#317,#327,#329,.T.);
#327 = VERTEX_POINT('',#328);
#328 = CARTESIAN_POINT('',(62.,19.330127018916,15.));
#329 = LINE('',#330,#331);
#330 = CARTESIAN_POINT('',(62.,17.165063509458,11.250000000005));
#331 = VECTOR('',#332,1.);
#332 = DIRECTION('',(0.,0.5,0.866025403784));
#333 = ORIENTED_EDGE('',*,*,#334,.T.);
#334 = EDGE_CURVE('',#327,#335,#337,.T.);
#335 = VERTEX_POINT('',#336);
#336 = CARTESIAN_POINT('',(62.,17.165063509458,18.749999999995));
#337 = LINE('',#338,#339);
#338 = CARTESIAN_POINT('',(62.,19.330127018916,15.));
#339 = VECTOR('',#340,1.);
#340 = DIRECTION('',(0.,-0.5,0.866025403784));
#341 = ORIENTED_EDGE('',*,*,#342,.T.);
#342 = EDGE_CURVE('',#335,#343,#345,.T.);
#343 = VERTEX_POINT('',#344);
#344 = CARTESIAN_POINT('',(62.,10.976630765136,18.749999999994));
#345 = LINE('',#346,#347);
#346 = CARTESIAN_POINT('',(62.,17.165063509458,18.749999999995));
#347 = VECTOR('',#348,1.);
#348 = DIRECTION('',(0.,-1.,0.));
#349 = ORIENTED_EDGE('',*,*,#350,.F.);
#350 = EDGE_CURVE('',#351,#343,#353,.T.);
#351 = VERTEX_POINT('',#352);
#352 = CARTESIAN_POINT('',(62.,20.5,15.));
#353 = CIRCLE('',#354,5.5);
#354 = AXIS2_PLACEMENT_3D('',#355,#356,#357);
#355 = CARTESIAN_POINT('',(62.,15.,15.));
#356 = DIRECTION('',(1.,0.,0.));
#357 = DIRECTION('',(0.,1.,0.));
#358 = ORIENTED_EDGE('',*,*,#359,.F.);
#359 = EDGE_CURVE('',#319,#351,#360,.T.);
#360 = CIRCLE('',#361,5.5);
#361 = AXIS2_PLACEMENT_3D('',#362,#363,#364);
#362 = CARTESIAN_POINT('',(62.,15.,15.));
#363 = DIRECTION('',(1.,0.,0.));
#364 = DIRECTION('',(0.,1.,0.));
#365 = FACE_BOUND('',#366,.T.);
#366 = EDGE_LOOP('',(#367,#377,#385,#393,#401,#410));
#367 = ORIENTED_EDGE('',*,*,#368,.F.);
#368 = EDGE_CURVE('',#369,#371,#373,.T.);
#369 = VERTEX_POINT('',#370);
#370 = CARTESIAN_POINT('',(62.,17.165063509458,101.25));
#371 = VERTEX_POINT('',#372);
#372 = CARTESIAN_POINT('',(62.,10.976630765136,101.25));
#373 = LINE('',#374,#375);
#374 = CARTESIAN_POINT('',(62.,12.834936490542,101.25));
#375 = VECTOR('',#376,1.);
#376 = DIRECTION('',(0.,-1.,0.));
#377 = ORIENTED_EDGE('',*,*,#378,.T.);
#378 = EDGE_CURVE('',#369,#379,#381,.T.);
#379 = VERTEX_POINT('',#380);
#380 = CARTESIAN_POINT('',(62.,19.330127018916,105.));
#381 = LINE('',#382,#383);
#382 = CARTESIAN_POINT('',(62.,17.165063509458,101.25));
#383 = VECTOR('',#384,1.);
#384 = DIRECTION('',(0.,0.5,0.866025403784));
#385 = ORIENTED_EDGE('',*,*,#386,.T.);
#386 = EDGE_CURVE('',#379,#387,#389,.T.);
#387 = VERTEX_POINT('',#388);
#388 = CARTESIAN_POINT('',(62.,17.165063509458,108.74999999999));
#389 = LINE('',#390,#391);
#390 = CARTESIAN_POINT('',(62.,19.330127018916,105.));
#391 = VECTOR('',#392,1.);
#392 = DIRECTION('',(0.,-0.5,0.866025403784));
#393 = ORIENTED_EDGE('',*,*,#394,.T.);
#394 = EDGE_CURVE('',#387,#395,#397,.T.);
#395 = VERTEX_POINT('',#396);
#396 = CARTESIAN_POINT('',(62.,10.976630765136,108.74999999999));
#397 = LINE('',#398,#399);
#398 = CARTESIAN_POINT('',(62.,17.165063509458,108.74999999999));
#399 = VECTOR('',#400,1.);
#400 = DIRECTION('',(0.,-1.,0.));
#401 = ORIENTED_EDGE('',*,*,#402,.F.);
#402 = EDGE_CURVE('',#403,#395,#405,.T.);
#403 = VERTEX_POINT('',#404);
#404 = CARTESIAN_POINT('',(62.,20.5,105.));
#405 = CIRCLE('',#406,5.5);
#406 = AXIS2_PLACEMENT_3D('',#407,#408,#409);
#407 = CARTESIAN_POINT('',(62.,15.,105.));
#408 = DIRECTION('',(1.,0.,0.));
#409 = DIRECTION('',(0.,1.,0.));
#410 = ORIENTED_EDGE('',*,*,#411,.F.);
#411 = EDGE_CURVE('',#371,#403,#412,.T.);
#412 = CIRCLE('',#413,5.5);
#413 = AXIS2_PLACEMENT_3D('',#414,#415,#416);
#414 = CARTESIAN_POINT('',(62.,15.,105.));
#415 = DIRECTION('',(1.,0.,0.));
#416 = DIRECTION('',(0.,1.,0.));
#417 = FACE_BOUND('',#418,.T.);
#418 = EDGE_LOOP('',(#419,#429,#437,#445,#453,#462));
#419 = ORIENTED_EDGE('',*,*,#420,.F.);
#420 = EDGE_CURVE('',#421,#423,#425,.T.);
#421 = VERTEX_POINT('',#422);
#422 = CARTESIAN_POINT('',(62.,-12.83493649054,101.25));
#423 = VERTEX_POINT('',#424);
#424 = CARTESIAN_POINT('',(62.,-19.02336923485,101.25));
#425 = LINE('',#426,#427);
#426 = CARTESIAN_POINT('',(62.,-17.16506350945,101.25));
#427 = VECTOR('',#428,1.);
#428 = DIRECTION('',(0.,-1.,0.));
#429 = ORIENTED_EDGE('',*,*,#430,.T.);
#430 = EDGE_CURVE('',#421,#431,#433,.T.);
#431 = VERTEX_POINT('',#432);
#432 = CARTESIAN_POINT('',(62.,-10.66987298108,105.));
#433 = LINE('',#434,#435);
#434 = CARTESIAN_POINT('',(62.,-12.83493649054,101.25));
#435 = VECTOR('',#436,1.);
#436 = DIRECTION('',(0.,0.5,0.866025403784));
#437 = ORIENTED_EDGE('',*,*,#438,.T.);
#438 = EDGE_CURVE('',#431,#439,#441,.T.);
#439 = VERTEX_POINT('',#440);
#440 = CARTESIAN_POINT('',(62.,-12.83493649054,108.75));
#441 = LINE('',#442,#443);
#442 = CARTESIAN_POINT('',(62.,-10.66987298108,105.));
#443 = VECTOR('',#444,1.);
#444 = DIRECTION('',(0.,-0.500000000001,0.866025403784));
#445 = ORIENTED_EDGE('',*,*,#446,.T.);
#446 = EDGE_CURVE('',#439,#447,#449,.T.);
#447 = VERTEX_POINT('',#448);
#448 = CARTESIAN_POINT('',(62.,-19.02336923485,108.75));
#449 = LINE('',#450,#451);
#450 = CARTESIAN_POINT('',(62.,-12.83493649054,108.75));
#451 = VECTOR('',#452,1.);
#452 = DIRECTION('',(0.,-1.,0.));
#453 = ORIENTED_EDGE('',*,*,#454,.F.);
#454 = EDGE_CURVE('',#455,#447,#457,.T.);
#455 = VERTEX_POINT('',#456);
#456 = CARTESIAN_POINT('',(62.,-9.5,105.));
#457 = CIRCLE('',#458,5.5);
#458 = AXIS2_PLACEMENT_3D('',#459,#460,#461);
#459 = CARTESIAN_POINT('',(62.,-15.,105.));
#460 = DIRECTION('',(1.,0.,0.));
#461 = DIRECTION('',(0.,1.,0.));
#462 = ORIENTED_EDGE('',*,*,#463,.F.);
#463 = EDGE_CURVE('',#423,#455,#464,.T.);
#464 = CIRCLE('',#465,5.5);
#465 = AXIS2_PLACEMENT_3D('',#466,#467,#468);
#466 = CARTESIAN_POINT('',(62.,-15.,105.));
#467 = DIRECTION('',(1.,0.,0.));
#468 = DIRECTION('',(0.,1.,0.));
#469 = FACE_BOUND('',#470,.T.);
#470 = EDGE_LOOP('',(#471,#481,#489,#497,#505,#514));
#471 = ORIENTED_EDGE('',*,*,#472,.F.);
#472 = EDGE_CURVE('',#473,#475,#477,.T.);
#473 = VERTEX_POINT('',#474);
#474 = CARTESIAN_POINT('',(62.,-12.83493649054,11.250000000005));
#475 = VERTEX_POINT('',#476);
#476 = CARTESIAN_POINT('',(62.,-19.02336923486,11.250000000006));
#477 = LINE('',#478,#479);
#478 = CARTESIAN_POINT('',(62.,-17.16506350945,11.250000000005));
#479 = VECTOR('',#480,1.);
#480 = DIRECTION('',(0.,-1.,0.));
#481 = ORIENTED_EDGE('',*,*,#482,.T.);
#482 = EDGE_CURVE('',#473,#483,#485,.T.);
#483 = VERTEX_POINT('',#484);
#484 = CARTESIAN_POINT('',(62.,-10.66987298108,15.));
#485 = LINE('',#486,#487);
#486 = CARTESIAN_POINT('',(62.,-12.83493649054,11.250000000005));
#487 = VECTOR('',#488,1.);
#488 = DIRECTION('',(0.,0.5,0.866025403784));
#489 = ORIENTED_EDGE('',*,*,#490,.T.);
#490 = EDGE_CURVE('',#483,#491,#493,.T.);
#491 = VERTEX_POINT('',#492);
#492 = CARTESIAN_POINT('',(62.,-12.83493649054,18.749999999995));
#493 = LINE('',#494,#495);
#494 = CARTESIAN_POINT('',(62.,-10.66987298108,15.));
#495 = VECTOR('',#496,1.);
#496 = DIRECTION('',(0.,-0.5,0.866025403784));
#497 = ORIENTED_EDGE('',*,*,#498,.T.);
#498 = EDGE_CURVE('',#491,#499,#501,.T.);
#499 = VERTEX_POINT('',#500);
#500 = CARTESIAN_POINT('',(62.,-19.02336923486,18.749999999994));
#501 = LINE('',#502,#503);
#502 = CARTESIAN_POINT('',(62.,-12.83493649054,18.749999999995));
#503 = VECTOR('',#504,1.);
#504 = DIRECTION('',(0.,-1.,0.));
#505 = ORIENTED_EDGE('',*,*,#506,.F.);
#506 = EDGE_CURVE('',#507,#499,#509,.T.);
#507 = VERTEX_POINT('',#508);
#508 = CARTESIAN_POINT('',(62.,-9.5,15.));
#509 = CIRCLE('',#510,5.5);
#510 = AXIS2_PLACEMENT_3D('',#511,#512,#513);
#511 = CARTESIAN_POINT('',(62.,-15.,15.));
#512 = DIRECTION('',(1.,0.,0.));
#513 = DIRECTION('',(0.,1.,0.));
#514 = ORIENTED_EDGE('',*,*,#515,.F.);
#515 = EDGE_CURVE('',#475,#507,#516,.T.);
#516 = CIRCLE('',#517,5.5);
#517 = AXIS2_PLACEMENT_3D('',#518,#519,#520);
#518 = CARTESIAN_POINT('',(62.,-15.,15.));
#519 = DIRECTION('',(1.,0.,0.));
#520 = DIRECTION('',(0.,1.,0.));
#521 = FACE_BOUND('',#522,.T.);
#522 = EDGE_LOOP('',(#523,#533,#541,#549,#557,#566));
#523 = ORIENTED_EDGE('',*,*,#524,.F.);
#524 = EDGE_CURVE('',#525,#527,#529,.T.);
#525 = VERTEX_POINT('',#526);
#526 = CARTESIAN_POINT('',(62.,-42.83493649054,11.250000000005));
#527 = VERTEX_POINT('',#528);
#528 = CARTESIAN_POINT('',(62.,-49.02336923486,11.250000000006));
#529 = LINE('',#530,#531);
#530 = CARTESIAN_POINT('',(62.,-47.16506350945,11.250000000006));
#531 = VECTOR('',#532,1.);
#532 = DIRECTION('',(0.,-1.,0.));
#533 = ORIENTED_EDGE('',*,*,#534,.T.);
#534 = EDGE_CURVE('',#525,#535,#537,.T.);
#535 = VERTEX_POINT('',#536);
#536 = CARTESIAN_POINT('',(62.,-40.66987298108,15.));
#537 = LINE('',#538,#539);
#538 = CARTESIAN_POINT('',(62.,-42.83493649054,11.250000000005));
#539 = VECTOR('',#540,1.);
#540 = DIRECTION('',(0.,0.5,0.866025403784));
#541 = ORIENTED_EDGE('',*,*,#542,.T.);
#542 = EDGE_CURVE('',#535,#543,#545,.T.);
#543 = VERTEX_POINT('',#544);
#544 = CARTESIAN_POINT('',(62.,-42.83493649054,18.749999999995));
#545 = LINE('',#546,#547);
#546 = CARTESIAN_POINT('',(62.,-40.66987298108,15.));
#547 = VECTOR('',#548,1.);
#548 = DIRECTION('',(0.,-0.5,0.866025403784));
#549 = ORIENTED_EDGE('',*,*,#550,.T.);
#550 = EDGE_CURVE('',#543,#551,#553,.T.);
#551 = VERTEX_POINT('',#552);
#552 = CARTESIAN_POINT('',(62.,-49.02336923486,18.749999999994));
#553 = LINE('',#554,#555);
#554 = CARTESIAN_POINT('',(62.,-42.83493649054,18.749999999995));
#555 = VECTOR('',#556,1.);
#556 = DIRECTION('',(0.,-1.,0.));
#557 = ORIENTED_EDGE('',*,*,#558,.F.);
#558 = EDGE_CURVE('',#559,#551,#561,.T.);
#559 = VERTEX_POINT('',#560);
#560 = CARTESIAN_POINT('',(62.,-39.5,15.));
#561 = CIRCLE('',#562,5.5);
#562 = AXIS2_PLACEMENT_3D('',#563,#564,#565);
#563 = CARTESIAN_POINT('',(62.,-45.,15.));
#564 = DIRECTION('',(1.,0.,0.));
#565 = DIRECTION('',(0.,1.,0.));
#566 = ORIENTED_EDGE('',*,*,#567,.F.);
#567 = EDGE_CURVE('',#527,#559,#568,.T.);
#568 = CIRCLE('',#569,5.5);
#569 = AXIS2_PLACEMENT_3D('',#570,#571,#572);
#570 = CARTESIAN_POINT('',(62.,-45.,15.));
#571 = DIRECTION('',(1.,0.,0.));
#572 = DIRECTION('',(0.,1.,0.));
#573 = FACE_BOUND('',#574,.T.);
#574 = EDGE_LOOP('',(#575,#576,#582,#583,#584,#593));
#575 = ORIENTED_EDGE('',*,*,#191,.F.);
#576 = ORIENTED_EDGE('',*,*,#577,.T.);
#577 = EDGE_CURVE('',#184,#206,#578,.T.);
#578 = LINE('',#579,#580);
#579 = CARTESIAN_POINT('',(62.,-42.83493649054,101.25));
#580 = VECTOR('',#581,1.);
#581 = DIRECTION('',(0.,0.5,0.866025403784));
#582 = ORIENTED_EDGE('',*,*,#222,.T.);
#583 = ORIENTED_EDGE('',*,*,#103,.T.);
#584 = ORIENTED_EDGE('',*,*,#585,.F.);
#585 = EDGE_CURVE('',#586,#96,#588,.T.);
#586 = VERTEX_POINT('',#587);
#587 = CARTESIAN_POINT('',(62.,-39.5,105.));
#588 = CIRCLE('',#589,5.5);
#589 = AXIS2_PLACEMENT_3D('',#590,#591,#592);
#590 = CARTESIAN_POINT('',(62.,-45.,105.));
#591 = DIRECTION('',(1.,0.,0.));
#592 = DIRECTION('',(0.,1.,0.));
#593 = ORIENTED_EDGE('',*,*,#594,.F.);
#594 = EDGE_CURVE('',#166,#586,#595,.T.);
#595 = CIRCLE('',#596,5.5);
#596 = AXIS2_PLACEMENT_3D('',#597,#598,#599);
#597 = CARTESIAN_POINT('',(62.,-45.,105.));
#598 = DIRECTION('',(1.,0.,0.));
#599 = DIRECTION('',(0.,1.,0.));
#600 = PLANE('',#601);
#601 = AXIS2_PLACEMENT_3D('',#602,#603,#604);
#602 = CARTESIAN_POINT('',(62.,-23.77551020408,66.775510204082));
#603 = DIRECTION('',(1.,0.,0.));
#604 = DIRECTION('',(0.,0.,1.));
#605 = ADVANCED_FACE('',(#606),#612,.T.);
#606 = FACE_BOUND('',#607,.T.);
#607 = EDGE_LOOP('',(#608,#609,#610,#611));
#608 = ORIENTED_EDGE('',*,*,#183,.T.);
#609 = ORIENTED_EDGE('',*,*,#240,.T.);
#610 = ORIENTED_EDGE('',*,*,#205,.F.);
#611 = ORIENTED_EDGE('',*,*,#577,.F.);
#612 = PLANE('',#613);
#613 = AXIS2_PLACEMENT_3D('',#614,#615,#616);
#614 = CARTESIAN_POINT('',(64.5,-41.75240473581,103.125));
#615 = DIRECTION('',(1.218954709694E-12,-0.866025403784,0.5));
#616 = DIRECTION('',(1.009741958683E-28,-0.5,-0.866025403784));
#617 = ADVANCED_FACE('',(#618),#637,.F.);
#618 = FACE_BOUND('',#619,.T.);
#619 = EDGE_LOOP('',(#620,#628,#635,#636));
#620 = ORIENTED_EDGE('',*,*,#621,.T.);
#621 = EDGE_CURVE('',#250,#622,#624,.T.);
#622 = VERTEX_POINT('',#623);
#623 = CARTESIAN_POINT('',(69.,-42.75,105.));
#624 = LINE('',#625,#626);
#625 = CARTESIAN_POINT('',(67.,-42.75,105.));
#626 = VECTOR('',#627,1.);
#627 = DIRECTION('',(1.,0.,0.));
#628 = ORIENTED_EDGE('',*,*,#629,.T.);
#629 = EDGE_CURVE('',#622,#622,#630,.T.);
#630 = CIRCLE('',#631,2.25);
#631 = AXIS2_PLACEMENT_3D('',#632,#633,#634);
#632 = CARTESIAN_POINT('',(69.,-45.,105.));
#633 = DIRECTION('',(1.,0.,0.));
#634 = DIRECTION('',(0.,1.,0.));
#635 = ORIENTED_EDGE('',*,*,#621,.F.);
#636 = ORIENTED_EDGE('',*,*,#249,.F.);
#637 = CYLINDRICAL_SURFACE('',#638,2.25);
#638 = AXIS2_PLACEMENT_3D('',#639,#640,#641);
#639 = CARTESIAN_POINT('',(67.,-45.,105.));
#640 = DIRECTION('',(-1.,-0.,-0.));
#641 = DIRECTION('',(0.,1.,0.));
#642 = ADVANCED_FACE('',(#643),#668,.F.);
#643 = FACE_BOUND('',#644,.F.);
#644 = EDGE_LOOP('',(#645,#653,#661,#667));
#645 = ORIENTED_EDGE('',*,*,#646,.T.);
#646 = EDGE_CURVE('',#267,#647,#649,.T.);
#647 = VERTEX_POINT('',#648);
#648 = CARTESIAN_POINT('',(-62.,-29.5,124.));
#649 = LINE('',#650,#651);
#650 = CARTESIAN_POINT('',(62.,-29.5,124.));
#651 = VECTOR('',#652,1.);
#652 = DIRECTION('',(-1.,0.,0.));
#653 = ORIENTED_EDGE('',*,*,#654,.T.);
#654 = EDGE_CURVE('',#647,#655,#657,.T.);
#655 = VERTEX_POINT('',#656);
#656 = CARTESIAN_POINT('',(-62.,-29.5,136.));
#657 = LINE('',#658,#659);
#658 = CARTESIAN_POINT('',(-62.,-29.5,0.));
#659 = VECTOR('',#660,1.);
#660 = DIRECTION('',(0.,0.,1.));
#661 = ORIENTED_EDGE('',*,*,#662,.T.);
#662 = EDGE_CURVE('',#655,#269,#663,.T.);
#663 = LINE('',#664,#665);
#664 = CARTESIAN_POINT('',(-62.,-29.5,136.));
#665 = VECTOR('',#666,1.);
#666 = DIRECTION('',(1.,0.,0.));
#667 = ORIENTED_EDGE('',*,*,#266,.F.);
#668 = PLANE('',#669);
#669 = AXIS2_PLACEMENT_3D('',#670,#671,#672);
#670 = CARTESIAN_POINT('',(-62.,-29.5,0.));
#671 = DIRECTION('',(0.,1.,0.));
#672 = DIRECTION('',(1.,0.,0.));
#673 = ADVANCED_FACE('',(#674),#692,.F.);
#674 = FACE_BOUND('',#675,.F.);
#675 = EDGE_LOOP('',(#676,#677,#685,#691));
#676 = ORIENTED_EDGE('',*,*,#276,.T.);
#677 = ORIENTED_EDGE('',*,*,#678,.T.);
#678 = EDGE_CURVE('',#277,#679,#681,.T.);
#679 = VERTEX_POINT('',#680);
#680 = CARTESIAN_POINT('',(-62.,-79.5,124.));
#681 = LINE('',#682,#683);
#682 = CARTESIAN_POINT('',(62.,-79.5,124.));
#683 = VECTOR('',#684,1.);
#684 = DIRECTION('',(-1.,0.,0.));
#685 = ORIENTED_EDGE('',*,*,#686,.F.);
#686 = EDGE_CURVE('',#647,#679,#687,.T.);
#687 = LINE('',#688,#689);
#688 = CARTESIAN_POINT('',(-62.,-29.5,124.));
#689 = VECTOR('',#690,1.);
#690 = DIRECTION('',(0.,-1.,2.2E-16));
#691 = ORIENTED_EDGE('',*,*,#646,.F.);
#692 = PLANE('',#693);
#693 = AXIS2_PLACEMENT_3D('',#694,#695,#696);
#694 = CARTESIAN_POINT('',(62.,-29.5,124.));
#695 = DIRECTION('',(-0.,-2.2E-16,-1.));
#696 = DIRECTION('',(-1.,0.,0.));
#697 = ADVANCED_FACE('',(#698,#716),#750,.T.);
#698 = FACE_BOUND('',#699,.T.);
#699 = EDGE_LOOP('',(#700,#708,#709,#710));
#700 = ORIENTED_EDGE('',*,*,#701,.T.);
#701 = EDGE_CURVE('',#702,#655,#704,.T.);
#702 = VERTEX_POINT('',#703);
#703 = CARTESIAN_POINT('',(-62.,29.5,136.));
#704 = LINE('',#705,#706);
#705 = CARTESIAN_POINT('',(-62.,29.5,136.));
#706 = VECTOR('',#707,1.);
#707 = DIRECTION('',(0.,-1.,0.));
#708 = ORIENTED_EDGE('',*,*,#662,.T.);
#709 = ORIENTED_EDGE('',*,*,#308,.T.);
#710 = ORIENTED_EDGE('',*,*,#711,.T.);
#711 = EDGE_CURVE('',#301,#702,#712,.T.);
#712 = LINE('',#713,#714);
#713 = CARTESIAN_POINT('',(62.,29.5,136.));
#714 = VECTOR('',#715,1.);
#715 = DIRECTION('',(-1.,0.,0.));
#716 = FACE_BOUND('',#717,.T.);
#717 = EDGE_LOOP('',(#718,#728,#736,#744));
#718 = ORIENTED_EDGE('',*,*,#719,.F.);
#719 = EDGE_CURVE('',#720,#722,#724,.T.);
#720 = VERTEX_POINT('',#721);
#721 = CARTESIAN_POINT('',(-60.,-27.5,136.));
#722 = VERTEX_POINT('',#723);
#723 = CARTESIAN_POINT('',(60.,-27.5,136.));
#724 = LINE('',#725,#726);
#725 = CARTESIAN_POINT('',(-60.,-27.5,136.));
#726 = VECTOR('',#727,1.);
#727 = DIRECTION('',(1.,0.,0.));
#728 = ORIENTED_EDGE('',*,*,#729,.F.);
#729 = EDGE_CURVE('',#730,#720,#732,.T.);
#730 = VERTEX_POINT('',#731);
#731 = CARTESIAN_POINT('',(-60.,27.5,136.));
#732 = LINE('',#733,#734);
#733 = CARTESIAN_POINT('',(-60.,27.5,136.));
#734 = VECTOR('',#735,1.);
#735 = DIRECTION('',(0.,-1.,0.));
#736 = ORIENTED_EDGE('',*,*,#737,.F.);
#737 = EDGE_CURVE('',#738,#730,#740,.T.);
#738 = VERTEX_POINT('',#739);
#739 = CARTESIAN_POINT('',(60.,27.5,136.));
#740 = LINE('',#741,#742);
#741 = CARTESIAN_POINT('',(60.,27.5,136.));
#742 = VECTOR('',#743,1.);
#743 = DIRECTION('',(-1.,0.,0.));
#744 = ORIENTED_EDGE('',*,*,#745,.F.);
#745 = EDGE_CURVE('',#722,#738,#746,.T.);
#746 = LINE('',#747,#748);
#747 = CARTESIAN_POINT('',(60.,-27.5,136.));
#748 = VECTOR('',#749,1.);
#749 = DIRECTION('',(0.,1.,0.));
#750 = PLANE('',#751);
#751 = AXIS2_PLACEMENT_3D('',#752,#753,#754);
#752 = CARTESIAN_POINT('',(0.,0.,136.));
#753 = DIRECTION('',(0.,0.,1.));
#754 = DIRECTION('',(1.,0.,0.));
#755 = ADVANCED_FACE('',(#756,#774),#808,.F.);
#756 = FACE_BOUND('',#757,.F.);
#757 = EDGE_LOOP('',(#758,#766,#767,#768));
#758 = ORIENTED_EDGE('',*,*,#759,.F.);
#759 = EDGE_CURVE('',#679,#760,#762,.T.);
#760 = VERTEX_POINT('',#761);
#761 = CARTESIAN_POINT('',(-62.,-79.5,1.1E-14));
#762 = LINE('',#763,#764);
#763 = CARTESIAN_POINT('',(-62.,-79.5,124.));
#764 = VECTOR('',#765,1.);
#765 = DIRECTION('',(0.,0.,-1.));
#766 = ORIENTED_EDGE('',*,*,#678,.F.);
#767 = ORIENTED_EDGE('',*,*,#284,.F.);
#768 = ORIENTED_EDGE('',*,*,#769,.F.);
#769 = EDGE_CURVE('',#760,#285,#770,.T.);
#770 = LINE('',#771,#772);
#771 = CARTESIAN_POINT('',(-62.,-79.5,1.1E-14));
#772 = VECTOR('',#773,1.);
#773 = DIRECTION('',(1.,0.,0.));
#774 = FACE_BOUND('',#775,.F.);
#775 = EDGE_LOOP('',(#776,#786,#794,#802));
#776 = ORIENTED_EDGE('',*,*,#777,.T.);
#777 = EDGE_CURVE('',#778,#780,#782,.T.);
#778 = VERTEX_POINT('',#779);
#779 = CARTESIAN_POINT('',(60.,-79.5,122.));
#780 = VERTEX_POINT('',#781);
#781 = CARTESIAN_POINT('',(-60.,-79.5,122.));
#782 = LINE('',#783,#784);
#783 = CARTESIAN_POINT('',(60.,-79.5,122.));
#784 = VECTOR('',#785,1.);
#785 = DIRECTION('',(-1.,0.,0.));
#786 = ORIENTED_EDGE('',*,*,#787,.T.);
#787 = EDGE_CURVE('',#780,#788,#790,.T.);
#788 = VERTEX_POINT('',#789);
#789 = CARTESIAN_POINT('',(-60.,-79.5,2.));
#790 = LINE('',#791,#792);
#791 = CARTESIAN_POINT('',(-60.,-79.5,122.));
#792 = VECTOR('',#793,1.);
#793 = DIRECTION('',(0.,0.,-1.));
#794 = ORIENTED_EDGE('',*,*,#795,.T.);
#795 = EDGE_CURVE('',#788,#796,#798,.T.);
#796 = VERTEX_POINT('',#797);
#797 = CARTESIAN_POINT('',(60.,-79.5,2.));
#798 = LINE('',#799,#800);
#799 = CARTESIAN_POINT('',(-60.,-79.5,2.));
#800 = VECTOR('',#801,1.);
#801 = DIRECTION('',(1.,0.,0.));
#802 = ORIENTED_EDGE('',*,*,#803,.T.);
#803 = EDGE_CURVE('',#796,#778,#804,.T.);
#804 = LINE('',#805,#806);
#805 = CARTESIAN_POINT('',(60.,-79.5,2.));
#806 = VECTOR('',#807,1.);
#807 = DIRECTION('',(0.,0.,1.));
#808 = PLANE('',#809);
#809 = AXIS2_PLACEMENT_3D('',#810,#811,#812);
#810 = CARTESIAN_POINT('',(0.,-79.5,62.));
#811 = DIRECTION('',(0.,1.,-2.3E-16));
#812 = DIRECTION('',(0.,2.3E-16,1.));
#813 = ADVANCED_FACE('',(#814),#832,.F.);
#814 = FACE_BOUND('',#815,.F.);
#815 = EDGE_LOOP('',(#816,#817,#818,#826));
#816 = ORIENTED_EDGE('',*,*,#300,.T.);
#817 = ORIENTED_EDGE('',*,*,#711,.T.);
#818 = ORIENTED_EDGE('',*,*,#819,.F.);
#819 = EDGE_CURVE('',#820,#702,#822,.T.);
#820 = VERTEX_POINT('',#821);
#821 = CARTESIAN_POINT('',(-62.,29.5,0.));
#822 = LINE('',#823,#824);
#823 = CARTESIAN_POINT('',(-62.,29.5,0.));
#824 = VECTOR('',#825,1.);
#825 = DIRECTION('',(0.,0.,1.));
#826 = ORIENTED_EDGE('',*,*,#827,.F.);
#827 = EDGE_CURVE('',#293,#820,#828,.T.);
#828 = LINE('',#829,#830);
#829 = CARTESIAN_POINT('',(62.,29.5,0.));
#830 = VECTOR('',#831,1.);
#831 = DIRECTION('',(-1.,0.,0.));
#832 = PLANE('',#833);
#833 = AXIS2_PLACEMENT_3D('',#834,#835,#836);
#834 = CARTESIAN_POINT('',(62.,29.5,0.));
#835 = DIRECTION('',(0.,-1.,0.));
#836 = DIRECTION('',(-1.,0.,0.));
#837 = ADVANCED_FACE('',(#838),#849,.T.);
#838 = FACE_BOUND('',#839,.T.);
#839 = EDGE_LOOP('',(#840,#846,#847,#848));
#840 = ORIENTED_EDGE('',*,*,#841,.F.);
#841 = EDGE_CURVE('',#820,#760,#842,.T.);
#842 = LINE('',#843,#844);
#843 = CARTESIAN_POINT('',(-62.,29.5,0.));
#844 = VECTOR('',#845,1.);
#845 = DIRECTION('',(0.,-1.,0.));
#846 = ORIENTED_EDGE('',*,*,#827,.F.);
#847 = ORIENTED_EDGE('',*,*,#292,.F.);
#848 = ORIENTED_EDGE('',*,*,#769,.F.);
#849 = PLANE('',#850);
#850 = AXIS2_PLACEMENT_3D('',#851,#852,#853);
#851 = CARTESIAN_POINT('',(0.,-25.,4.15E-15));
#852 = DIRECTION('',(-0.,-0.,-1.));
#853 = DIRECTION('',(-1.,0.,0.));
#854 = ADVANCED_FACE('',(#855),#896,.T.);
#855 = FACE_BOUND('',#856,.T.);
#856 = EDGE_LOOP('',(#857,#858,#866,#874,#882,#890));
#857 = ORIENTED_EDGE('',*,*,#316,.T.);
#858 = ORIENTED_EDGE('',*,*,#859,.T.);
#859 = EDGE_CURVE('',#319,#860,#862,.T.);
#860 = VERTEX_POINT('',#861);
#861 = CARTESIAN_POINT('',(65.5,10.976630765136,11.250000000006));
#862 = LINE('',#863,#864);
#863 = CARTESIAN_POINT('',(62.,10.976630765136,11.250000000006));
#864 = VECTOR('',#865,1.);
#865 = DIRECTION('',(1.,0.,0.));
#866 = ORIENTED_EDGE('',*,*,#867,.T.);
#867 = EDGE_CURVE('',#860,#868,#870,.T.);
#868 = VERTEX_POINT('',#869);
#869 = CARTESIAN_POINT('',(65.5,12.834936490539,11.25));
#870 = LINE('',#871,#872);
#871 = CARTESIAN_POINT('',(65.5,12.834936490542,11.250000000006));
#872 = VECTOR('',#873,1.);
#873 = DIRECTION('',(0.,1.,-2.723940744022E-13));
#874 = ORIENTED_EDGE('',*,*,#875,.T.);
#875 = EDGE_CURVE('',#868,#876,#878,.T.);
#876 = VERTEX_POINT('',#877);
#877 = CARTESIAN_POINT('',(67.,12.834936490539,11.25));
#878 = LINE('',#879,#880);
#879 = CARTESIAN_POINT('',(65.5,12.834936490539,11.25));
#880 = VECTOR('',#881,1.);
#881 = DIRECTION('',(1.,0.,0.));
#882 = ORIENTED_EDGE('',*,*,#883,.T.);
#883 = EDGE_CURVE('',#876,#884,#886,.T.);
#884 = VERTEX_POINT('',#885);
#885 = CARTESIAN_POINT('',(67.,17.165063509461,11.25));
#886 = LINE('',#887,#888);
#887 = CARTESIAN_POINT('',(67.,12.834936490539,11.25));
#888 = VECTOR('',#889,1.);
#889 = DIRECTION('',(0.,1.,0.));
#890 = ORIENTED_EDGE('',*,*,#891,.F.);
#891 = EDGE_CURVE('',#317,#884,#892,.T.);
#892 = LINE('',#893,#894);
#893 = CARTESIAN_POINT('',(65.5,17.165063509461,11.25));
#894 = VECTOR('',#895,1.);
#895 = DIRECTION('',(1.,0.,0.));
#896 = PLANE('',#897);
#897 = AXIS2_PLACEMENT_3D('',#898,#899,#900);
#898 = CARTESIAN_POINT('',(64.375431230996,14.195415906302,
    11.250000000004));
#899 = DIRECTION('',(1.014325032009E-12,2.30490814128E-13,1.));
#900 = DIRECTION('',(1.,0.,-1.014325032009E-12));
#901 = ADVANCED_FACE('',(#902),#943,.T.);
#902 = FACE_BOUND('',#903,.T.);
#903 = EDGE_LOOP('',(#904,#912,#920,#928,#936,#942));
#904 = ORIENTED_EDGE('',*,*,#905,.T.);
#905 = EDGE_CURVE('',#335,#906,#908,.T.);
#906 = VERTEX_POINT('',#907);
#907 = CARTESIAN_POINT('',(67.,17.165063509461,18.750000000001));
#908 = LINE('',#909,#910);
#909 = CARTESIAN_POINT('',(62.,17.165063509458,18.749999999995));
#910 = VECTOR('',#911,1.);
#911 = DIRECTION('',(1.,0.,0.));
#912 = ORIENTED_EDGE('',*,*,#913,.T.);
#913 = EDGE_CURVE('',#906,#914,#916,.T.);
#914 = VERTEX_POINT('',#915);
#915 = CARTESIAN_POINT('',(67.,12.834936490539,18.750000000001));
#916 = LINE('',#917,#918);
#917 = CARTESIAN_POINT('',(67.,17.165063509461,18.750000000001));
#918 = VECTOR('',#919,1.);
#919 = DIRECTION('',(0.,-1.,0.));
#920 = ORIENTED_EDGE('',*,*,#921,.F.);
#921 = EDGE_CURVE('',#922,#914,#924,.T.);
#922 = VERTEX_POINT('',#923);
#923 = CARTESIAN_POINT('',(65.5,12.834936490539,18.750000000001));
#924 = LINE('',#925,#926);
#925 = CARTESIAN_POINT('',(65.5,12.834936490539,18.750000000001));
#926 = VECTOR('',#927,1.);
#927 = DIRECTION('',(1.,0.,0.));
#928 = ORIENTED_EDGE('',*,*,#929,.T.);
#929 = EDGE_CURVE('',#922,#930,#932,.T.);
#930 = VERTEX_POINT('',#931);
#931 = CARTESIAN_POINT('',(65.5,10.976630765136,18.749999999994));
#932 = LINE('',#933,#934);
#933 = CARTESIAN_POINT('',(65.5,12.834936490542,18.749999999995));
#934 = VECTOR('',#935,1.);
#935 = DIRECTION('',(0.,-1.,0.));
#936 = ORIENTED_EDGE('',*,*,#937,.F.);
#937 = EDGE_CURVE('',#343,#930,#938,.T.);
#938 = LINE('',#939,#940);
#939 = CARTESIAN_POINT('',(62.,10.976630765136,18.749999999994));
#940 = VECTOR('',#941,1.);
#941 = DIRECTION('',(1.,0.,0.));
#942 = ORIENTED_EDGE('',*,*,#342,.F.);
#943 = PLANE('',#944);
#944 = AXIS2_PLACEMENT_3D('',#945,#946,#947);
#945 = CARTESIAN_POINT('',(64.375431230996,14.195415906302,
    18.749999999997));
#946 = DIRECTION('',(1.013956367985E-12,1.806136805345E-13,-1.));
#947 = DIRECTION('',(-1.,0.,-1.013956367985E-12));
#948 = ADVANCED_FACE('',(#949),#967,.T.);
#949 = FACE_BOUND('',#950,.T.);
#950 = EDGE_LOOP('',(#951,#959,#965,#966));
#951 = ORIENTED_EDGE('',*,*,#952,.T.);
#952 = EDGE_CURVE('',#327,#953,#955,.T.);
#953 = VERTEX_POINT('',#954);
#954 = CARTESIAN_POINT('',(67.,19.330127018922,15.));
#955 = LINE('',#956,#957);
#956 = CARTESIAN_POINT('',(62.,19.330127018916,15.));
#957 = VECTOR('',#958,1.);
#958 = DIRECTION('',(1.,0.,0.));
#959 = ORIENTED_EDGE('',*,*,#960,.T.);
#960 = EDGE_CURVE('',#953,#906,#961,.T.);
#961 = LINE('',#962,#963);
#962 = CARTESIAN_POINT('',(67.,19.330127018922,15.));
#963 = VECTOR('',#964,1.);
#964 = DIRECTION('',(0.,-0.5,0.866025403784));
#965 = ORIENTED_EDGE('',*,*,#905,.F.);
#966 = ORIENTED_EDGE('',*,*,#334,.F.);
#967 = PLANE('',#968);
#968 = AXIS2_PLACEMENT_3D('',#969,#970,#971);
#969 = CARTESIAN_POINT('',(64.500000000001,18.247595264189,
    16.874999999999));
#970 = DIRECTION('',(9.882602442503E-13,-0.866025403784,-0.5));
#971 = DIRECTION('',(0.,0.5,-0.866025403784));
#972 = ADVANCED_FACE('',(#973),#984,.T.);
#973 = FACE_BOUND('',#974,.T.);
#974 = EDGE_LOOP('',(#975,#976,#982,#983));
#975 = ORIENTED_EDGE('',*,*,#891,.T.);
#976 = ORIENTED_EDGE('',*,*,#977,.T.);
#977 = EDGE_CURVE('',#884,#953,#978,.T.);
#978 = LINE('',#979,#980);
#979 = CARTESIAN_POINT('',(67.,17.165063509461,11.25));
#980 = VECTOR('',#981,1.);
#981 = DIRECTION('',(0.,0.5,0.866025403784));
#982 = ORIENTED_EDGE('',*,*,#952,.F.);
#983 = ORIENTED_EDGE('',*,*,#326,.F.);
#984 = PLANE('',#985);
#985 = AXIS2_PLACEMENT_3D('',#986,#987,#988);
#986 = CARTESIAN_POINT('',(64.500000000001,18.247595264189,
    13.125000000002));
#987 = DIRECTION('',(9.488110547304E-13,-0.866025403784,0.5));
#988 = DIRECTION('',(5.048709793414E-29,-0.5,-0.866025403784));
#989 = ADVANCED_FACE('',(#990),#1031,.T.);
#990 = FACE_BOUND('',#991,.T.);
#991 = EDGE_LOOP('',(#992,#993,#1001,#1009,#1017,#1025));
#992 = ORIENTED_EDGE('',*,*,#368,.T.);
#993 = ORIENTED_EDGE('',*,*,#994,.T.);
#994 = EDGE_CURVE('',#371,#995,#997,.T.);
#995 = VERTEX_POINT('',#996);
#996 = CARTESIAN_POINT('',(65.5,10.976630765136,101.25));
#997 = LINE('',#998,#999);
#998 = CARTESIAN_POINT('',(62.,10.976630765136,101.25));
#999 = VECTOR('',#1000,1.);
#1000 = DIRECTION('',(1.,0.,0.));
#1001 = ORIENTED_EDGE('',*,*,#1002,.T.);
#1002 = EDGE_CURVE('',#995,#1003,#1005,.T.);
#1003 = VERTEX_POINT('',#1004);
#1004 = CARTESIAN_POINT('',(65.5,12.834936490539,101.25));
#1005 = LINE('',#1006,#1007);
#1006 = CARTESIAN_POINT('',(65.5,12.834936490542,101.25));
#1007 = VECTOR('',#1008,1.);
#1008 = DIRECTION('',(0.,1.,0.));
#1009 = ORIENTED_EDGE('',*,*,#1010,.T.);
#1010 = EDGE_CURVE('',#1003,#1011,#1013,.T.);
#1011 = VERTEX_POINT('',#1012);
#1012 = CARTESIAN_POINT('',(67.,12.834936490539,101.25));
#1013 = LINE('',#1014,#1015);
#1014 = CARTESIAN_POINT('',(65.5,12.834936490539,101.25));
#1015 = VECTOR('',#1016,1.);
#1016 = DIRECTION('',(1.,0.,0.));
#1017 = ORIENTED_EDGE('',*,*,#1018,.T.);
#1018 = EDGE_CURVE('',#1011,#1019,#1021,.T.);
#1019 = VERTEX_POINT('',#1020);
#1020 = CARTESIAN_POINT('',(67.,17.165063509461,101.25));
#1021 = LINE('',#1022,#1023);
#1022 = CARTESIAN_POINT('',(67.,12.834936490539,101.25));
#1023 = VECTOR('',#1024,1.);
#1024 = DIRECTION('',(0.,1.,0.));
#1025 = ORIENTED_EDGE('',*,*,#1026,.F.);
#1026 = EDGE_CURVE('',#369,#1019,#1027,.T.);
#1027 = LINE('',#1028,#1029);
#1028 = CARTESIAN_POINT('',(65.5,17.165063509461,101.25));
#1029 = VECTOR('',#1030,1.);
#1030 = DIRECTION('',(1.,0.,0.));
#1031 = PLANE('',#1032);
#1032 = AXIS2_PLACEMENT_3D('',#1033,#1034,#1035);
#1033 = CARTESIAN_POINT('',(64.375431230996,14.195415906302,101.25));
#1034 = DIRECTION('',(8.767686162554E-13,1.612668340928E-13,1.));
#1035 = DIRECTION('',(1.,0.,-8.767686162554E-13));
#1036 = ADVANCED_FACE('',(#1037),#1078,.T.);
#1037 = FACE_BOUND('',#1038,.T.);
#1038 = EDGE_LOOP('',(#1039,#1047,#1055,#1063,#1071,#1077));
#1039 = ORIENTED_EDGE('',*,*,#1040,.T.);
#1040 = EDGE_CURVE('',#387,#1041,#1043,.T.);
#1041 = VERTEX_POINT('',#1042);
#1042 = CARTESIAN_POINT('',(67.,17.165063509461,108.75));
#1043 = LINE('',#1044,#1045);
#1044 = CARTESIAN_POINT('',(62.,17.165063509458,108.74999999999));
#1045 = VECTOR('',#1046,1.);
#1046 = DIRECTION('',(1.,0.,0.));
#1047 = ORIENTED_EDGE('',*,*,#1048,.T.);
#1048 = EDGE_CURVE('',#1041,#1049,#1051,.T.);
#1049 = VERTEX_POINT('',#1050);
#1050 = CARTESIAN_POINT('',(67.,12.834936490539,108.75));
#1051 = LINE('',#1052,#1053);
#1052 = CARTESIAN_POINT('',(67.,17.165063509461,108.75));
#1053 = VECTOR('',#1054,1.);
#1054 = DIRECTION('',(0.,-1.,0.));
#1055 = ORIENTED_EDGE('',*,*,#1056,.F.);
#1056 = EDGE_CURVE('',#1057,#1049,#1059,.T.);
#1057 = VERTEX_POINT('',#1058);
#1058 = CARTESIAN_POINT('',(65.5,12.834936490539,108.75));
#1059 = LINE('',#1060,#1061);
#1060 = CARTESIAN_POINT('',(65.5,12.834936490539,108.75));
#1061 = VECTOR('',#1062,1.);
#1062 = DIRECTION('',(1.,0.,0.));
#1063 = ORIENTED_EDGE('',*,*,#1064,.T.);
#1064 = EDGE_CURVE('',#1057,#1065,#1067,.T.);
#1065 = VERTEX_POINT('',#1066);
#1066 = CARTESIAN_POINT('',(65.5,10.976630765136,108.74999999999));
#1067 = LINE('',#1068,#1069);
#1068 = CARTESIAN_POINT('',(65.5,12.834936490542,108.74999999999));
#1069 = VECTOR('',#1070,1.);
#1070 = DIRECTION('',(0.,-1.,0.));
#1071 = ORIENTED_EDGE('',*,*,#1072,.F.);
#1072 = EDGE_CURVE('',#395,#1065,#1073,.T.);
#1073 = LINE('',#1074,#1075);
#1074 = CARTESIAN_POINT('',(62.,10.976630765136,108.74999999999));
#1075 = VECTOR('',#1076,1.);
#1076 = DIRECTION('',(1.,0.,0.));
#1077 = ORIENTED_EDGE('',*,*,#394,.F.);
#1078 = PLANE('',#1079);
#1079 = AXIS2_PLACEMENT_3D('',#1080,#1081,#1082);
#1080 = CARTESIAN_POINT('',(64.375431230996,14.195415906302,
    108.74999999999));
#1081 = DIRECTION('',(8.997374247297E-13,1.645421192659E-13,-1.));
#1082 = DIRECTION('',(-1.,0.,-8.997374247297E-13));
#1083 = ADVANCED_FACE('',(#1084),#1102,.T.);
#1084 = FACE_BOUND('',#1085,.T.);
#1085 = EDGE_LOOP('',(#1086,#1094,#1100,#1101));
#1086 = ORIENTED_EDGE('',*,*,#1087,.T.);
#1087 = EDGE_CURVE('',#379,#1088,#1090,.T.);
#1088 = VERTEX_POINT('',#1089);
#1089 = CARTESIAN_POINT('',(67.,19.330127018923,105.));
#1090 = LINE('',#1091,#1092);
#1091 = CARTESIAN_POINT('',(62.,19.330127018916,105.));
#1092 = VECTOR('',#1093,1.);
#1093 = DIRECTION('',(1.,0.,0.));
#1094 = ORIENTED_EDGE('',*,*,#1095,.T.);
#1095 = EDGE_CURVE('',#1088,#1041,#1096,.T.);
#1096 = LINE('',#1097,#1098);
#1097 = CARTESIAN_POINT('',(67.,19.330127018923,105.));
#1098 = VECTOR('',#1099,1.);
#1099 = DIRECTION('',(0.,-0.5,0.866025403784));
#1100 = ORIENTED_EDGE('',*,*,#1040,.F.);
#1101 = ORIENTED_EDGE('',*,*,#386,.F.);
#1102 = PLANE('',#1103);
#1103 = AXIS2_PLACEMENT_3D('',#1104,#1105,#1106);
#1104 = CARTESIAN_POINT('',(64.500000000001,18.247595264189,
    106.87499999999));
#1105 = DIRECTION('',(1.033109282203E-12,-0.866025403784,-0.5));
#1106 = DIRECTION('',(5.048709793414E-29,0.5,-0.866025403784));
#1107 = ADVANCED_FACE('',(#1108),#1119,.T.);
#1108 = FACE_BOUND('',#1109,.T.);
#1109 = EDGE_LOOP('',(#1110,#1111,#1117,#1118));
#1110 = ORIENTED_EDGE('',*,*,#1026,.T.);
#1111 = ORIENTED_EDGE('',*,*,#1112,.T.);
#1112 = EDGE_CURVE('',#1019,#1088,#1113,.T.);
#1113 = LINE('',#1114,#1115);
#1114 = CARTESIAN_POINT('',(67.,17.165063509461,101.25));
#1115 = VECTOR('',#1116,1.);
#1116 = DIRECTION('',(0.,0.5,0.866025403784));
#1117 = ORIENTED_EDGE('',*,*,#1087,.F.);
#1118 = ORIENTED_EDGE('',*,*,#378,.F.);
#1119 = PLANE('',#1120);
#1120 = AXIS2_PLACEMENT_3D('',#1121,#1122,#1123);
#1121 = CARTESIAN_POINT('',(64.500000000001,18.247595264189,103.125));
#1122 = DIRECTION('',(9.996846016726E-13,-0.866025403784,0.5));
#1123 = DIRECTION('',(5.048709793414E-29,-0.5,-0.866025403784));
#1124 = ADVANCED_FACE('',(#1125),#1166,.T.);
#1125 = FACE_BOUND('',#1126,.T.);
#1126 = EDGE_LOOP('',(#1127,#1128,#1136,#1144,#1152,#1160));
#1127 = ORIENTED_EDGE('',*,*,#420,.T.);
#1128 = ORIENTED_EDGE('',*,*,#1129,.T.);
#1129 = EDGE_CURVE('',#423,#1130,#1132,.T.);
#1130 = VERTEX_POINT('',#1131);
#1131 = CARTESIAN_POINT('',(65.5,-19.02336923485,101.25));
#1132 = LINE('',#1133,#1134);
#1133 = CARTESIAN_POINT('',(62.,-19.02336923485,101.25));
#1134 = VECTOR('',#1135,1.);
#1135 = DIRECTION('',(1.,0.,0.));
#1136 = ORIENTED_EDGE('',*,*,#1137,.T.);
#1137 = EDGE_CURVE('',#1130,#1138,#1140,.T.);
#1138 = VERTEX_POINT('',#1139);
#1139 = CARTESIAN_POINT('',(65.5,-17.16506350946,101.25));
#1140 = LINE('',#1141,#1142);
#1141 = CARTESIAN_POINT('',(65.5,-17.16506350945,101.25));
#1142 = VECTOR('',#1143,1.);
#1143 = DIRECTION('',(0.,1.,1.444016779968E-13));
#1144 = ORIENTED_EDGE('',*,*,#1145,.T.);
#1145 = EDGE_CURVE('',#1138,#1146,#1148,.T.);
#1146 = VERTEX_POINT('',#1147);
#1147 = CARTESIAN_POINT('',(67.,-17.16506350946,101.25));
#1148 = LINE('',#1149,#1150);
#1149 = CARTESIAN_POINT('',(65.5,-17.16506350946,101.25));
#1150 = VECTOR('',#1151,1.);
#1151 = DIRECTION('',(1.,0.,0.));
#1152 = ORIENTED_EDGE('',*,*,#1153,.T.);
#1153 = EDGE_CURVE('',#1146,#1154,#1156,.T.);
#1154 = VERTEX_POINT('',#1155);
#1155 = CARTESIAN_POINT('',(67.,-12.83493649053,101.25));
#1156 = LINE('',#1157,#1158);
#1157 = CARTESIAN_POINT('',(67.,-17.16506350946,101.25));
#1158 = VECTOR('',#1159,1.);
#1159 = DIRECTION('',(0.,1.,0.));
#1160 = ORIENTED_EDGE('',*,*,#1161,.F.);
#1161 = EDGE_CURVE('',#421,#1154,#1162,.T.);
#1162 = LINE('',#1163,#1164);
#1163 = CARTESIAN_POINT('',(65.5,-12.83493649053,101.25));
#1164 = VECTOR('',#1165,1.);
#1165 = DIRECTION('',(1.,0.,0.));
#1166 = PLANE('',#1167);
#1167 = AXIS2_PLACEMENT_3D('',#1168,#1169,#1170);
#1168 = CARTESIAN_POINT('',(64.375431230997,-15.80458409369,101.25));
#1169 = DIRECTION('',(2.977300809587E-14,-4.129736633476E-14,1.));
#1170 = DIRECTION('',(0.,1.,4.129736633476E-14));
#1171 = ADVANCED_FACE('',(#1172),#1213,.T.);
#1172 = FACE_BOUND('',#1173,.T.);
#1173 = EDGE_LOOP('',(#1174,#1182,#1190,#1198,#1206,#1212));
#1174 = ORIENTED_EDGE('',*,*,#1175,.T.);
#1175 = EDGE_CURVE('',#439,#1176,#1178,.T.);
#1176 = VERTEX_POINT('',#1177);
#1177 = CARTESIAN_POINT('',(67.,-12.83493649053,108.75));
#1178 = LINE('',#1179,#1180);
#1179 = CARTESIAN_POINT('',(62.,-12.83493649054,108.75));
#1180 = VECTOR('',#1181,1.);
#1181 = DIRECTION('',(1.,0.,0.));
#1182 = ORIENTED_EDGE('',*,*,#1183,.T.);
#1183 = EDGE_CURVE('',#1176,#1184,#1186,.T.);
#1184 = VERTEX_POINT('',#1185);
#1185 = CARTESIAN_POINT('',(67.,-17.16506350946,108.75));
#1186 = LINE('',#1187,#1188);
#1187 = CARTESIAN_POINT('',(67.,-12.83493649053,108.75));
#1188 = VECTOR('',#1189,1.);
#1189 = DIRECTION('',(0.,-1.,0.));
#1190 = ORIENTED_EDGE('',*,*,#1191,.F.);
#1191 = EDGE_CURVE('',#1192,#1184,#1194,.T.);
#1192 = VERTEX_POINT('',#1193);
#1193 = CARTESIAN_POINT('',(65.5,-17.16506350946,108.75));
#1194 = LINE('',#1195,#1196);
#1195 = CARTESIAN_POINT('',(65.5,-17.16506350946,108.75));
#1196 = VECTOR('',#1197,1.);
#1197 = DIRECTION('',(1.,0.,0.));
#1198 = ORIENTED_EDGE('',*,*,#1199,.T.);
#1199 = EDGE_CURVE('',#1192,#1200,#1202,.T.);
#1200 = VERTEX_POINT('',#1201);
#1201 = CARTESIAN_POINT('',(65.5,-19.02336923485,108.75));
#1202 = LINE('',#1203,#1204);
#1203 = CARTESIAN_POINT('',(65.5,-17.16506350945,108.75));
#1204 = VECTOR('',#1205,1.);
#1205 = DIRECTION('',(0.,-1.,0.));
#1206 = ORIENTED_EDGE('',*,*,#1207,.F.);
#1207 = EDGE_CURVE('',#447,#1200,#1208,.T.);
#1208 = LINE('',#1209,#1210);
#1209 = CARTESIAN_POINT('',(62.,-19.02336923485,108.75));
#1210 = VECTOR('',#1211,1.);
#1211 = DIRECTION('',(1.,0.,0.));
#1212 = ORIENTED_EDGE('',*,*,#446,.F.);
#1213 = PLANE('',#1214);
#1214 = AXIS2_PLACEMENT_3D('',#1215,#1216,#1217);
#1215 = CARTESIAN_POINT('',(64.375431230997,-15.80458409369,108.75));
#1216 = DIRECTION('',(8.72814722022E-14,1.244608365775E-14,-1.));
#1217 = DIRECTION('',(-1.,0.,-8.72814722022E-14));
#1218 = ADVANCED_FACE('',(#1219),#1237,.T.);
#1219 = FACE_BOUND('',#1220,.T.);
#1220 = EDGE_LOOP('',(#1221,#1229,#1235,#1236));
#1221 = ORIENTED_EDGE('',*,*,#1222,.T.);
#1222 = EDGE_CURVE('',#431,#1223,#1225,.T.);
#1223 = VERTEX_POINT('',#1224);
#1224 = CARTESIAN_POINT('',(67.,-10.66987298107,105.));
#1225 = LINE('',#1226,#1227);
#1226 = CARTESIAN_POINT('',(62.,-10.66987298108,105.));
#1227 = VECTOR('',#1228,1.);
#1228 = DIRECTION('',(1.,0.,0.));
#1229 = ORIENTED_EDGE('',*,*,#1230,.T.);
#1230 = EDGE_CURVE('',#1223,#1176,#1231,.T.);
#1231 = LINE('',#1232,#1233);
#1232 = CARTESIAN_POINT('',(67.,-10.66987298107,105.));
#1233 = VECTOR('',#1234,1.);
#1234 = DIRECTION('',(0.,-0.5,0.866025403784));
#1235 = ORIENTED_EDGE('',*,*,#1175,.F.);
#1236 = ORIENTED_EDGE('',*,*,#438,.F.);
#1237 = PLANE('',#1238);
#1238 = AXIS2_PLACEMENT_3D('',#1239,#1240,#1241);
#1239 = CARTESIAN_POINT('',(64.5,-11.75240473581,106.875));
#1240 = DIRECTION('',(1.266292886336E-12,-0.866025403784,-0.5));
#1241 = DIRECTION('',(0.,0.5,-0.866025403784));
#1242 = ADVANCED_FACE('',(#1243),#1254,.T.);
#1243 = FACE_BOUND('',#1244,.T.);
#1244 = EDGE_LOOP('',(#1245,#1246,#1252,#1253));
#1245 = ORIENTED_EDGE('',*,*,#1161,.T.);
#1246 = ORIENTED_EDGE('',*,*,#1247,.T.);
#1247 = EDGE_CURVE('',#1154,#1223,#1248,.T.);
#1248 = LINE('',#1249,#1250);
#1249 = CARTESIAN_POINT('',(67.,-12.83493649053,101.25));
#1250 = VECTOR('',#1251,1.);
#1251 = DIRECTION('',(0.,0.5,0.866025403784));
#1252 = ORIENTED_EDGE('',*,*,#1222,.F.);
#1253 = ORIENTED_EDGE('',*,*,#430,.F.);
#1254 = PLANE('',#1255);
#1255 = AXIS2_PLACEMENT_3D('',#1256,#1257,#1258);
#1256 = CARTESIAN_POINT('',(64.5,-11.75240473581,103.125));
#1257 = DIRECTION('',(1.263858267609E-12,-0.866025403784,0.5));
#1258 = DIRECTION('',(0.,-0.5,-0.866025403784));
#1259 = ADVANCED_FACE('',(#1260),#1301,.T.);
#1260 = FACE_BOUND('',#1261,.T.);
#1261 = EDGE_LOOP('',(#1262,#1263,#1271,#1279,#1287,#1295));
#1262 = ORIENTED_EDGE('',*,*,#472,.T.);
#1263 = ORIENTED_EDGE('',*,*,#1264,.T.);
#1264 = EDGE_CURVE('',#475,#1265,#1267,.T.);
#1265 = VERTEX_POINT('',#1266);
#1266 = CARTESIAN_POINT('',(65.5,-19.02336923486,11.250000000006));
#1267 = LINE('',#1268,#1269);
#1268 = CARTESIAN_POINT('',(62.,-19.02336923486,11.250000000006));
#1269 = VECTOR('',#1270,1.);
#1270 = DIRECTION('',(1.,0.,0.));
#1271 = ORIENTED_EDGE('',*,*,#1272,.T.);
#1272 = EDGE_CURVE('',#1265,#1273,#1275,.T.);
#1273 = VERTEX_POINT('',#1274);
#1274 = CARTESIAN_POINT('',(65.5,-17.16506350946,11.25));
#1275 = LINE('',#1276,#1277);
#1276 = CARTESIAN_POINT('',(65.5,-17.16506350945,11.250000000005));
#1277 = VECTOR('',#1278,1.);
#1278 = DIRECTION('',(0.,1.,2.461392238574E-15));
#1279 = ORIENTED_EDGE('',*,*,#1280,.T.);
#1280 = EDGE_CURVE('',#1273,#1281,#1283,.T.);
#1281 = VERTEX_POINT('',#1282);
#1282 = CARTESIAN_POINT('',(67.,-17.16506350946,11.25));
#1283 = LINE('',#1284,#1285);
#1284 = CARTESIAN_POINT('',(65.5,-17.16506350946,11.25));
#1285 = VECTOR('',#1286,1.);
#1286 = DIRECTION('',(1.,0.,0.));
#1287 = ORIENTED_EDGE('',*,*,#1288,.T.);
#1288 = EDGE_CURVE('',#1281,#1289,#1291,.T.);
#1289 = VERTEX_POINT('',#1290);
#1290 = CARTESIAN_POINT('',(67.,-12.83493649053,11.25));
#1291 = LINE('',#1292,#1293);
#1292 = CARTESIAN_POINT('',(67.,-17.16506350946,11.25));
#1293 = VECTOR('',#1294,1.);
#1294 = DIRECTION('',(0.,1.,0.));
#1295 = ORIENTED_EDGE('',*,*,#1296,.F.);
#1296 = EDGE_CURVE('',#473,#1289,#1297,.T.);
#1297 = LINE('',#1298,#1299);
#1298 = CARTESIAN_POINT('',(65.5,-12.83493649053,11.25));
#1299 = VECTOR('',#1300,1.);
#1300 = DIRECTION('',(1.,0.,0.));
#1301 = PLANE('',#1302);
#1302 = AXIS2_PLACEMENT_3D('',#1303,#1304,#1305);
#1303 = CARTESIAN_POINT('',(64.375431230996,-15.80458409369,
    11.250000000003));
#1304 = DIRECTION('',(8.699250462372E-13,1.59392712515E-13,1.));
#1305 = DIRECTION('',(1.,0.,-8.699250462372E-13));
#1306 = ADVANCED_FACE('',(#1307),#1348,.T.);
#1307 = FACE_BOUND('',#1308,.T.);
#1308 = EDGE_LOOP('',(#1309,#1317,#1325,#1333,#1341,#1347));
#1309 = ORIENTED_EDGE('',*,*,#1310,.T.);
#1310 = EDGE_CURVE('',#491,#1311,#1313,.T.);
#1311 = VERTEX_POINT('',#1312);
#1312 = CARTESIAN_POINT('',(67.,-12.83493649053,18.750000000001));
#1313 = LINE('',#1314,#1315);
#1314 = CARTESIAN_POINT('',(62.,-12.83493649054,18.749999999995));
#1315 = VECTOR('',#1316,1.);
#1316 = DIRECTION('',(1.,0.,0.));
#1317 = ORIENTED_EDGE('',*,*,#1318,.T.);
#1318 = EDGE_CURVE('',#1311,#1319,#1321,.T.);
#1319 = VERTEX_POINT('',#1320);
#1320 = CARTESIAN_POINT('',(67.,-17.16506350946,18.750000000001));
#1321 = LINE('',#1322,#1323);
#1322 = CARTESIAN_POINT('',(67.,-12.83493649053,18.750000000001));
#1323 = VECTOR('',#1324,1.);
#1324 = DIRECTION('',(0.,-1.,0.));
#1325 = ORIENTED_EDGE('',*,*,#1326,.F.);
#1326 = EDGE_CURVE('',#1327,#1319,#1329,.T.);
#1327 = VERTEX_POINT('',#1328);
#1328 = CARTESIAN_POINT('',(65.5,-17.16506350946,18.750000000001));
#1329 = LINE('',#1330,#1331);
#1330 = CARTESIAN_POINT('',(65.5,-17.16506350946,18.750000000001));
#1331 = VECTOR('',#1332,1.);
#1332 = DIRECTION('',(1.,0.,0.));
#1333 = ORIENTED_EDGE('',*,*,#1334,.T.);
#1334 = EDGE_CURVE('',#1327,#1335,#1337,.T.);
#1335 = VERTEX_POINT('',#1336);
#1336 = CARTESIAN_POINT('',(65.5,-19.02336923486,18.749999999994));
#1337 = LINE('',#1338,#1339);
#1338 = CARTESIAN_POINT('',(65.5,-17.16506350945,18.749999999995));
#1339 = VECTOR('',#1340,1.);
#1340 = DIRECTION('',(0.,-1.,0.));
#1341 = ORIENTED_EDGE('',*,*,#1342,.F.);
#1342 = EDGE_CURVE('',#499,#1335,#1343,.T.);
#1343 = LINE('',#1344,#1345);
#1344 = CARTESIAN_POINT('',(62.,-19.02336923486,18.749999999994));
#1345 = VECTOR('',#1346,1.);
#1346 = DIRECTION('',(1.,0.,0.));
#1347 = ORIENTED_EDGE('',*,*,#498,.F.);
#1348 = PLANE('',#1349);
#1349 = AXIS2_PLACEMENT_3D('',#1350,#1351,#1352);
#1350 = CARTESIAN_POINT('',(64.375431230996,-15.80458409369,
    18.749999999997));
#1351 = DIRECTION('',(1.013956367985E-12,1.806136805345E-13,-1.));
#1352 = DIRECTION('',(-1.,0.,-1.013956367985E-12));
#1353 = ADVANCED_FACE('',(#1354),#1372,.T.);
#1354 = FACE_BOUND('',#1355,.T.);
#1355 = EDGE_LOOP('',(#1356,#1364,#1370,#1371));
#1356 = ORIENTED_EDGE('',*,*,#1357,.T.);
#1357 = EDGE_CURVE('',#483,#1358,#1360,.T.);
#1358 = VERTEX_POINT('',#1359);
#1359 = CARTESIAN_POINT('',(67.,-10.66987298107,15.));
#1360 = LINE('',#1361,#1362);
#1361 = CARTESIAN_POINT('',(62.,-10.66987298108,15.));
#1362 = VECTOR('',#1363,1.);
#1363 = DIRECTION('',(1.,0.,0.));
#1364 = ORIENTED_EDGE('',*,*,#1365,.T.);
#1365 = EDGE_CURVE('',#1358,#1311,#1366,.T.);
#1366 = LINE('',#1367,#1368);
#1367 = CARTESIAN_POINT('',(67.,-10.66987298107,15.));
#1368 = VECTOR('',#1369,1.);
#1369 = DIRECTION('',(0.,-0.5,0.866025403784));
#1370 = ORIENTED_EDGE('',*,*,#1310,.F.);
#1371 = ORIENTED_EDGE('',*,*,#490,.F.);
#1372 = PLANE('',#1373);
#1373 = AXIS2_PLACEMENT_3D('',#1374,#1375,#1376);
#1374 = CARTESIAN_POINT('',(64.500000000001,-11.75240473581,
    16.874999999999));
#1375 = DIRECTION('',(9.883678509975E-13,-0.866025403784,-0.5));
#1376 = DIRECTION('',(-5.048709793414E-29,0.5,-0.866025403784));
#1377 = ADVANCED_FACE('',(#1378),#1389,.T.);
#1378 = FACE_BOUND('',#1379,.T.);
#1379 = EDGE_LOOP('',(#1380,#1381,#1387,#1388));
#1380 = ORIENTED_EDGE('',*,*,#1296,.T.);
#1381 = ORIENTED_EDGE('',*,*,#1382,.T.);
#1382 = EDGE_CURVE('',#1289,#1358,#1383,.T.);
#1383 = LINE('',#1384,#1385);
#1384 = CARTESIAN_POINT('',(67.,-12.83493649053,11.25));
#1385 = VECTOR('',#1386,1.);
#1386 = DIRECTION('',(0.,0.5,0.866025403784));
#1387 = ORIENTED_EDGE('',*,*,#1357,.F.);
#1388 = ORIENTED_EDGE('',*,*,#482,.F.);
#1389 = PLANE('',#1390);
#1390 = AXIS2_PLACEMENT_3D('',#1391,#1392,#1393);
#1391 = CARTESIAN_POINT('',(64.500000000001,-11.75240473581,
    13.125000000002));
#1392 = DIRECTION('',(9.489267564779E-13,-0.866025403784,0.5));
#1393 = DIRECTION('',(0.,-0.5,-0.866025403784));
#1394 = ADVANCED_FACE('',(#1395),#1436,.T.);
#1395 = FACE_BOUND('',#1396,.T.);
#1396 = EDGE_LOOP('',(#1397,#1398,#1406,#1414,#1422,#1430));
#1397 = ORIENTED_EDGE('',*,*,#524,.T.);
#1398 = ORIENTED_EDGE('',*,*,#1399,.T.);
#1399 = EDGE_CURVE('',#527,#1400,#1402,.T.);
#1400 = VERTEX_POINT('',#1401);
#1401 = CARTESIAN_POINT('',(65.5,-49.02336923486,11.250000000006));
#1402 = LINE('',#1403,#1404);
#1403 = CARTESIAN_POINT('',(62.,-49.02336923486,11.250000000006));
#1404 = VECTOR('',#1405,1.);
#1405 = DIRECTION('',(1.,0.,0.));
#1406 = ORIENTED_EDGE('',*,*,#1407,.T.);
#1407 = EDGE_CURVE('',#1400,#1408,#1410,.T.);
#1408 = VERTEX_POINT('',#1409);
#1409 = CARTESIAN_POINT('',(65.5,-47.16506350946,11.25));
#1410 = LINE('',#1411,#1412);
#1411 = CARTESIAN_POINT('',(65.5,-47.16506350945,11.250000000006));
#1412 = VECTOR('',#1413,1.);
#1413 = DIRECTION('',(0.,1.,-2.723940744022E-13));
#1414 = ORIENTED_EDGE('',*,*,#1415,.T.);
#1415 = EDGE_CURVE('',#1408,#1416,#1418,.T.);
#1416 = VERTEX_POINT('',#1417);
#1417 = CARTESIAN_POINT('',(67.,-47.16506350946,11.25));
#1418 = LINE('',#1419,#1420);
#1419 = CARTESIAN_POINT('',(65.5,-47.16506350946,11.25));
#1420 = VECTOR('',#1421,1.);
#1421 = DIRECTION('',(1.,0.,0.));
#1422 = ORIENTED_EDGE('',*,*,#1423,.T.);
#1423 = EDGE_CURVE('',#1416,#1424,#1426,.T.);
#1424 = VERTEX_POINT('',#1425);
#1425 = CARTESIAN_POINT('',(67.,-42.83493649053,11.25));
#1426 = LINE('',#1427,#1428);
#1427 = CARTESIAN_POINT('',(67.,-47.16506350946,11.25));
#1428 = VECTOR('',#1429,1.);
#1429 = DIRECTION('',(0.,1.,0.));
#1430 = ORIENTED_EDGE('',*,*,#1431,.F.);
#1431 = EDGE_CURVE('',#525,#1424,#1432,.T.);
#1432 = LINE('',#1433,#1434);
#1433 = CARTESIAN_POINT('',(65.5,-42.83493649053,11.25));
#1434 = VECTOR('',#1435,1.);
#1435 = DIRECTION('',(1.,0.,0.));
#1436 = PLANE('',#1437);
#1437 = AXIS2_PLACEMENT_3D('',#1438,#1439,#1440);
#1438 = CARTESIAN_POINT('',(64.375431230996,-45.80458409369,
    11.250000000004));
#1439 = DIRECTION('',(1.014325032009E-12,2.304908141279E-13,1.));
#1440 = DIRECTION('',(1.,0.,-1.014325032009E-12));
#1441 = ADVANCED_FACE('',(#1442),#1483,.T.);
#1442 = FACE_BOUND('',#1443,.T.);
#1443 = EDGE_LOOP('',(#1444,#1452,#1460,#1468,#1476,#1482));
#1444 = ORIENTED_EDGE('',*,*,#1445,.T.);
#1445 = EDGE_CURVE('',#543,#1446,#1448,.T.);
#1446 = VERTEX_POINT('',#1447);
#1447 = CARTESIAN_POINT('',(67.,-42.83493649053,18.750000000001));
#1448 = LINE('',#1449,#1450);
#1449 = CARTESIAN_POINT('',(62.,-42.83493649054,18.749999999995));
#1450 = VECTOR('',#1451,1.);
#1451 = DIRECTION('',(1.,0.,0.));
#1452 = ORIENTED_EDGE('',*,*,#1453,.T.);
#1453 = EDGE_CURVE('',#1446,#1454,#1456,.T.);
#1454 = VERTEX_POINT('',#1455);
#1455 = CARTESIAN_POINT('',(67.,-47.16506350946,18.750000000001));
#1456 = LINE('',#1457,#1458);
#1457 = CARTESIAN_POINT('',(67.,-42.83493649053,18.750000000001));
#1458 = VECTOR('',#1459,1.);
#1459 = DIRECTION('',(0.,-1.,0.));
#1460 = ORIENTED_EDGE('',*,*,#1461,.F.);
#1461 = EDGE_CURVE('',#1462,#1454,#1464,.T.);
#1462 = VERTEX_POINT('',#1463);
#1463 = CARTESIAN_POINT('',(65.5,-47.16506350946,18.750000000001));
#1464 = LINE('',#1465,#1466);
#1465 = CARTESIAN_POINT('',(65.5,-47.16506350946,18.750000000001));
#1466 = VECTOR('',#1467,1.);
#1467 = DIRECTION('',(1.,0.,0.));
#1468 = ORIENTED_EDGE('',*,*,#1469,.T.);
#1469 = EDGE_CURVE('',#1462,#1470,#1472,.T.);
#1470 = VERTEX_POINT('',#1471);
#1471 = CARTESIAN_POINT('',(65.5,-49.02336923486,18.749999999994));
#1472 = LINE('',#1473,#1474);
#1473 = CARTESIAN_POINT('',(65.5,-47.16506350945,18.749999999995));
#1474 = VECTOR('',#1475,1.);
#1475 = DIRECTION('',(0.,-1.,0.));
#1476 = ORIENTED_EDGE('',*,*,#1477,.F.);
#1477 = EDGE_CURVE('',#551,#1470,#1478,.T.);
#1478 = LINE('',#1479,#1480);
#1479 = CARTESIAN_POINT('',(62.,-49.02336923486,18.749999999994));
#1480 = VECTOR('',#1481,1.);
#1481 = DIRECTION('',(1.,0.,0.));
#1482 = ORIENTED_EDGE('',*,*,#550,.F.);
#1483 = PLANE('',#1484);
#1484 = AXIS2_PLACEMENT_3D('',#1485,#1486,#1487);
#1485 = CARTESIAN_POINT('',(64.375431230996,-45.80458409369,
    18.749999999997));
#1486 = DIRECTION('',(1.013956367985E-12,1.806136805345E-13,-1.));
#1487 = DIRECTION('',(-1.,0.,-1.013956367985E-12));
#1488 = ADVANCED_FACE('',(#1489),#1507,.T.);
#1489 = FACE_BOUND('',#1490,.T.);
#1490 = EDGE_LOOP('',(#1491,#1499,#1505,#1506));
#1491 = ORIENTED_EDGE('',*,*,#1492,.T.);
#1492 = EDGE_CURVE('',#535,#1493,#1495,.T.);
#1493 = VERTEX_POINT('',#1494);
#1494 = CARTESIAN_POINT('',(67.,-40.66987298107,15.));
#1495 = LINE('',#1496,#1497);
#1496 = CARTESIAN_POINT('',(62.,-40.66987298108,15.));
#1497 = VECTOR('',#1498,1.);
#1498 = DIRECTION('',(1.,0.,0.));
#1499 = ORIENTED_EDGE('',*,*,#1500,.T.);
#1500 = EDGE_CURVE('',#1493,#1446,#1501,.T.);
#1501 = LINE('',#1502,#1503);
#1502 = CARTESIAN_POINT('',(67.,-40.66987298107,15.));
#1503 = VECTOR('',#1504,1.);
#1504 = DIRECTION('',(0.,-0.5,0.866025403784));
#1505 = ORIENTED_EDGE('',*,*,#1445,.F.);
#1506 = ORIENTED_EDGE('',*,*,#542,.F.);
#1507 = PLANE('',#1508);
#1508 = AXIS2_PLACEMENT_3D('',#1509,#1510,#1511);
#1509 = CARTESIAN_POINT('',(64.500000000001,-41.75240473581,
    16.874999999999));
#1510 = DIRECTION('',(9.88452959884E-13,-0.866025403784,-0.5));
#1511 = DIRECTION('',(0.,0.5,-0.866025403784));
#1512 = ADVANCED_FACE('',(#1513),#1524,.T.);
#1513 = FACE_BOUND('',#1514,.T.);
#1514 = EDGE_LOOP('',(#1515,#1516,#1522,#1523));
#1515 = ORIENTED_EDGE('',*,*,#1431,.T.);
#1516 = ORIENTED_EDGE('',*,*,#1517,.T.);
#1517 = EDGE_CURVE('',#1424,#1493,#1518,.T.);
#1518 = LINE('',#1519,#1520);
#1519 = CARTESIAN_POINT('',(67.,-42.83493649053,11.25));
#1520 = VECTOR('',#1521,1.);
#1521 = DIRECTION('',(0.,0.5,0.866025403784));
#1522 = ORIENTED_EDGE('',*,*,#1492,.F.);
#1523 = ORIENTED_EDGE('',*,*,#534,.F.);
#1524 = PLANE('',#1525);
#1525 = AXIS2_PLACEMENT_3D('',#1526,#1527,#1528);
#1526 = CARTESIAN_POINT('',(64.500000000001,-41.75240473581,
    13.125000000002));
#1527 = DIRECTION('',(9.488947383133E-13,-0.866025403784,0.5));
#1528 = DIRECTION('',(5.048709793414E-29,-0.5,-0.866025403784));
#1529 = ADVANCED_FACE('',(#1530,#1541),#1544,.T.);
#1530 = FACE_BOUND('',#1531,.T.);
#1531 = EDGE_LOOP('',(#1532));
#1532 = ORIENTED_EDGE('',*,*,#1533,.T.);
#1533 = EDGE_CURVE('',#1534,#1534,#1536,.T.);
#1534 = VERTEX_POINT('',#1535);
#1535 = CARTESIAN_POINT('',(69.,-39.5,105.));
#1536 = CIRCLE('',#1537,5.5);
#1537 = AXIS2_PLACEMENT_3D('',#1538,#1539,#1540);
#1538 = CARTESIAN_POINT('',(69.,-45.,105.));
#1539 = DIRECTION('',(1.,0.,0.));
#1540 = DIRECTION('',(0.,1.,0.));
#1541 = FACE_BOUND('',#1542,.F.);
#1542 = EDGE_LOOP('',(#1543));
#1543 = ORIENTED_EDGE('',*,*,#629,.T.);
#1544 = PLANE('',#1545);
#1545 = AXIS2_PLACEMENT_3D('',#1546,#1547,#1548);
#1546 = CARTESIAN_POINT('',(69.,-15.,60.));
#1547 = DIRECTION('',(1.,0.,0.));
#1548 = DIRECTION('',(0.,0.,1.));
#1549 = ADVANCED_FACE('',(#1550),#1558,.T.);
#1550 = FACE_BOUND('',#1551,.T.);
#1551 = EDGE_LOOP('',(#1552,#1553,#1554,#1555,#1556,#1557));
#1552 = ORIENTED_EDGE('',*,*,#819,.F.);
#1553 = ORIENTED_EDGE('',*,*,#841,.T.);
#1554 = ORIENTED_EDGE('',*,*,#759,.F.);
#1555 = ORIENTED_EDGE('',*,*,#686,.F.);
#1556 = ORIENTED_EDGE('',*,*,#654,.T.);
#1557 = ORIENTED_EDGE('',*,*,#701,.F.);
#1558 = PLANE('',#1559);
#1559 = AXIS2_PLACEMENT_3D('',#1560,#1561,#1562);
#1560 = CARTESIAN_POINT('',(-62.,-23.77551020408,66.775510204082));
#1561 = DIRECTION('',(-1.,-0.,-0.));
#1562 = DIRECTION('',(0.,0.,-1.));
#1563 = ADVANCED_FACE('',(#1564),#1589,.F.);
#1564 = FACE_BOUND('',#1565,.F.);
#1565 = EDGE_LOOP('',(#1566,#1567,#1575,#1583));
#1566 = ORIENTED_EDGE('',*,*,#719,.F.);
#1567 = ORIENTED_EDGE('',*,*,#1568,.T.);
#1568 = EDGE_CURVE('',#720,#1569,#1571,.T.);
#1569 = VERTEX_POINT('',#1570);
#1570 = CARTESIAN_POINT('',(-60.,-27.5,122.));
#1571 = LINE('',#1572,#1573);
#1572 = CARTESIAN_POINT('',(-60.,-27.5,136.));
#1573 = VECTOR('',#1574,1.);
#1574 = DIRECTION('',(-0.,-0.,-1.));
#1575 = ORIENTED_EDGE('',*,*,#1576,.T.);
#1576 = EDGE_CURVE('',#1569,#1577,#1579,.T.);
#1577 = VERTEX_POINT('',#1578);
#1578 = CARTESIAN_POINT('',(60.,-27.5,122.));
#1579 = LINE('',#1580,#1581);
#1580 = CARTESIAN_POINT('',(0.,-27.5,122.));
#1581 = VECTOR('',#1582,1.);
#1582 = DIRECTION('',(1.,0.,0.));
#1583 = ORIENTED_EDGE('',*,*,#1584,.F.);
#1584 = EDGE_CURVE('',#722,#1577,#1585,.T.);
#1585 = LINE('',#1586,#1587);
#1586 = CARTESIAN_POINT('',(60.,-27.5,136.));
#1587 = VECTOR('',#1588,1.);
#1588 = DIRECTION('',(-0.,-0.,-1.));
#1589 = PLANE('',#1590);
#1590 = AXIS2_PLACEMENT_3D('',#1591,#1592,#1593);
#1591 = CARTESIAN_POINT('',(-60.,-27.5,136.));
#1592 = DIRECTION('',(0.,-1.,0.));
#1593 = DIRECTION('',(1.,0.,0.));
#1594 = ADVANCED_FACE('',(#1595),#1620,.T.);
#1595 = FACE_BOUND('',#1596,.T.);
#1596 = EDGE_LOOP('',(#1597,#1598,#1606,#1612,#1613,#1619));
#1597 = ORIENTED_EDGE('',*,*,#745,.T.);
#1598 = ORIENTED_EDGE('',*,*,#1599,.T.);
#1599 = EDGE_CURVE('',#738,#1600,#1602,.T.);
#1600 = VERTEX_POINT('',#1601);
#1601 = CARTESIAN_POINT('',(60.,27.5,2.));
#1602 = LINE('',#1603,#1604);
#1603 = CARTESIAN_POINT('',(60.,27.5,136.));
#1604 = VECTOR('',#1605,1.);
#1605 = DIRECTION('',(-0.,-0.,-1.));
#1606 = ORIENTED_EDGE('',*,*,#1607,.F.);
#1607 = EDGE_CURVE('',#796,#1600,#1608,.T.);
#1608 = LINE('',#1609,#1610);
#1609 = CARTESIAN_POINT('',(60.,-27.5,2.));
#1610 = VECTOR('',#1611,1.);
#1611 = DIRECTION('',(0.,1.,0.));
#1612 = ORIENTED_EDGE('',*,*,#803,.T.);
#1613 = ORIENTED_EDGE('',*,*,#1614,.T.);
#1614 = EDGE_CURVE('',#778,#1577,#1615,.T.);
#1615 = LINE('',#1616,#1617);
#1616 = CARTESIAN_POINT('',(60.,-79.5,122.));
#1617 = VECTOR('',#1618,1.);
#1618 = DIRECTION('',(0.,1.,-2.2E-16));
#1619 = ORIENTED_EDGE('',*,*,#1584,.F.);
#1620 = PLANE('',#1621);
#1621 = AXIS2_PLACEMENT_3D('',#1622,#1623,#1624);
#1622 = CARTESIAN_POINT('',(60.,-24.48962655601,67.489626556017));
#1623 = DIRECTION('',(-1.,-0.,-0.));
#1624 = DIRECTION('',(0.,0.,-1.));
#1625 = ADVANCED_FACE('',(#1626),#1644,.F.);
#1626 = FACE_BOUND('',#1627,.F.);
#1627 = EDGE_LOOP('',(#1628,#1629,#1637,#1643));
#1628 = ORIENTED_EDGE('',*,*,#1599,.T.);
#1629 = ORIENTED_EDGE('',*,*,#1630,.T.);
#1630 = EDGE_CURVE('',#1600,#1631,#1633,.T.);
#1631 = VERTEX_POINT('',#1632);
#1632 = CARTESIAN_POINT('',(-60.,27.5,2.));
#1633 = LINE('',#1634,#1635);
#1634 = CARTESIAN_POINT('',(60.,27.5,2.));
#1635 = VECTOR('',#1636,1.);
#1636 = DIRECTION('',(-1.,0.,0.));
#1637 = ORIENTED_EDGE('',*,*,#1638,.F.);
#1638 = EDGE_CURVE('',#730,#1631,#1639,.T.);
#1639 = LINE('',#1640,#1641);
#1640 = CARTESIAN_POINT('',(-60.,27.5,136.));
#1641 = VECTOR('',#1642,1.);
#1642 = DIRECTION('',(-0.,-0.,-1.));
#1643 = ORIENTED_EDGE('',*,*,#737,.F.);
#1644 = PLANE('',#1645);
#1645 = AXIS2_PLACEMENT_3D('',#1646,#1647,#1648);
#1646 = CARTESIAN_POINT('',(60.,27.5,136.));
#1647 = DIRECTION('',(0.,1.,0.));
#1648 = DIRECTION('',(-1.,0.,0.));
#1649 = ADVANCED_FACE('',(#1650),#1668,.T.);
#1650 = FACE_BOUND('',#1651,.T.);
#1651 = EDGE_LOOP('',(#1652,#1653,#1654,#1660,#1661,#1667));
#1652 = ORIENTED_EDGE('',*,*,#729,.T.);
#1653 = ORIENTED_EDGE('',*,*,#1568,.T.);
#1654 = ORIENTED_EDGE('',*,*,#1655,.F.);
#1655 = EDGE_CURVE('',#780,#1569,#1656,.T.);
#1656 = LINE('',#1657,#1658);
#1657 = CARTESIAN_POINT('',(-60.,-79.5,122.));
#1658 = VECTOR('',#1659,1.);
#1659 = DIRECTION('',(0.,1.,-2.2E-16));
#1660 = ORIENTED_EDGE('',*,*,#787,.T.);
#1661 = ORIENTED_EDGE('',*,*,#1662,.T.);
#1662 = EDGE_CURVE('',#788,#1631,#1663,.T.);
#1663 = LINE('',#1664,#1665);
#1664 = CARTESIAN_POINT('',(-60.,-79.5,2.));
#1665 = VECTOR('',#1666,1.);
#1666 = DIRECTION('',(0.,1.,-2.2E-16));
#1667 = ORIENTED_EDGE('',*,*,#1638,.F.);
#1668 = PLANE('',#1669);
#1669 = AXIS2_PLACEMENT_3D('',#1670,#1671,#1672);
#1670 = CARTESIAN_POINT('',(-60.,-24.48962655601,67.489626556017));
#1671 = DIRECTION('',(1.,0.,0.));
#1672 = DIRECTION('',(0.,0.,1.));
#1673 = ADVANCED_FACE('',(#1674),#1680,.F.);
#1674 = FACE_BOUND('',#1675,.F.);
#1675 = EDGE_LOOP('',(#1676,#1677,#1678,#1679));
#1676 = ORIENTED_EDGE('',*,*,#777,.F.);
#1677 = ORIENTED_EDGE('',*,*,#1614,.T.);
#1678 = ORIENTED_EDGE('',*,*,#1576,.F.);
#1679 = ORIENTED_EDGE('',*,*,#1655,.F.);
#1680 = PLANE('',#1681);
#1681 = AXIS2_PLACEMENT_3D('',#1682,#1683,#1684);
#1682 = CARTESIAN_POINT('',(60.,-79.5,122.));
#1683 = DIRECTION('',(0.,2.2E-16,1.));
#1684 = DIRECTION('',(-1.,0.,0.));
#1685 = ADVANCED_FACE('',(#1686),#1692,.T.);
#1686 = FACE_BOUND('',#1687,.T.);
#1687 = EDGE_LOOP('',(#1688,#1689,#1690,#1691));
#1688 = ORIENTED_EDGE('',*,*,#795,.T.);
#1689 = ORIENTED_EDGE('',*,*,#1607,.T.);
#1690 = ORIENTED_EDGE('',*,*,#1630,.T.);
#1691 = ORIENTED_EDGE('',*,*,#1662,.F.);
#1692 = PLANE('',#1693);
#1693 = AXIS2_PLACEMENT_3D('',#1694,#1695,#1696);
#1694 = CARTESIAN_POINT('',(0.,-26.,2.));
#1695 = DIRECTION('',(0.,0.,1.));
#1696 = DIRECTION('',(1.,0.,0.));
#1697 = ADVANCED_FACE('',(#1698),#1723,.F.);
#1698 = FACE_BOUND('',#1699,.F.);
#1699 = EDGE_LOOP('',(#1700,#1701,#1708,#1709,#1717));
#1700 = ORIENTED_EDGE('',*,*,#929,.T.);
#1701 = ORIENTED_EDGE('',*,*,#1702,.T.);
#1702 = EDGE_CURVE('',#930,#860,#1703,.T.);
#1703 = CIRCLE('',#1704,5.5);
#1704 = AXIS2_PLACEMENT_3D('',#1705,#1706,#1707);
#1705 = CARTESIAN_POINT('',(65.5,15.,15.));
#1706 = DIRECTION('',(1.,0.,0.));
#1707 = DIRECTION('',(0.,1.,0.));
#1708 = ORIENTED_EDGE('',*,*,#867,.T.);
#1709 = ORIENTED_EDGE('',*,*,#1710,.F.);
#1710 = EDGE_CURVE('',#1711,#868,#1713,.T.);
#1711 = VERTEX_POINT('',#1712);
#1712 = CARTESIAN_POINT('',(65.5,10.669872981078,15.));
#1713 = LINE('',#1714,#1715);
#1714 = CARTESIAN_POINT('',(65.5,10.669872981078,15.));
#1715 = VECTOR('',#1716,1.);
#1716 = DIRECTION('',(0.,0.5,-0.866025403784));
#1717 = ORIENTED_EDGE('',*,*,#1718,.F.);
#1718 = EDGE_CURVE('',#922,#1711,#1719,.T.);
#1719 = LINE('',#1720,#1721);
#1720 = CARTESIAN_POINT('',(65.5,12.834936490539,18.750000000001));
#1721 = VECTOR('',#1722,1.);
#1722 = DIRECTION('',(0.,-0.5,-0.866025403784));
#1723 = PLANE('',#1724);
#1724 = AXIS2_PLACEMENT_3D('',#1725,#1726,#1727);
#1725 = CARTESIAN_POINT('',(65.5,-15.,60.));
#1726 = DIRECTION('',(1.,0.,0.));
#1727 = DIRECTION('',(0.,0.,1.));
#1728 = ADVANCED_FACE('',(#1729),#1747,.T.);
#1729 = FACE_BOUND('',#1730,.T.);
#1730 = EDGE_LOOP('',(#1731,#1739,#1745,#1746));
#1731 = ORIENTED_EDGE('',*,*,#1732,.T.);
#1732 = EDGE_CURVE('',#1711,#1733,#1735,.T.);
#1733 = VERTEX_POINT('',#1734);
#1734 = CARTESIAN_POINT('',(67.,10.669872981078,15.));
#1735 = LINE('',#1736,#1737);
#1736 = CARTESIAN_POINT('',(65.5,10.669872981078,15.));
#1737 = VECTOR('',#1738,1.);
#1738 = DIRECTION('',(1.,0.,0.));
#1739 = ORIENTED_EDGE('',*,*,#1740,.T.);
#1740 = EDGE_CURVE('',#1733,#876,#1741,.T.);
#1741 = LINE('',#1742,#1743);
#1742 = CARTESIAN_POINT('',(67.,10.669872981078,15.));
#1743 = VECTOR('',#1744,1.);
#1744 = DIRECTION('',(0.,0.5,-0.866025403784));
#1745 = ORIENTED_EDGE('',*,*,#875,.F.);
#1746 = ORIENTED_EDGE('',*,*,#1710,.F.);
#1747 = PLANE('',#1748);
#1748 = AXIS2_PLACEMENT_3D('',#1749,#1750,#1751);
#1749 = CARTESIAN_POINT('',(65.5,10.669872981078,15.));
#1750 = DIRECTION('',(0.,0.866025403784,0.5));
#1751 = DIRECTION('',(0.,0.5,-0.866025403784));
#1752 = ADVANCED_FACE('',(#1753,#1766),#1777,.F.);
#1753 = FACE_BOUND('',#1754,.F.);
#1754 = EDGE_LOOP('',(#1755,#1756,#1757,#1758,#1759,#1760));
#1755 = ORIENTED_EDGE('',*,*,#1740,.T.);
#1756 = ORIENTED_EDGE('',*,*,#883,.T.);
#1757 = ORIENTED_EDGE('',*,*,#977,.T.);
#1758 = ORIENTED_EDGE('',*,*,#960,.T.);
#1759 = ORIENTED_EDGE('',*,*,#913,.T.);
#1760 = ORIENTED_EDGE('',*,*,#1761,.T.);
#1761 = EDGE_CURVE('',#914,#1733,#1762,.T.);
#1762 = LINE('',#1763,#1764);
#1763 = CARTESIAN_POINT('',(67.,12.834936490539,18.750000000001));
#1764 = VECTOR('',#1765,1.);
#1765 = DIRECTION('',(0.,-0.5,-0.866025403784));
#1766 = FACE_BOUND('',#1767,.F.);
#1767 = EDGE_LOOP('',(#1768));
#1768 = ORIENTED_EDGE('',*,*,#1769,.F.);
#1769 = EDGE_CURVE('',#1770,#1770,#1772,.T.);
#1770 = VERTEX_POINT('',#1771);
#1771 = CARTESIAN_POINT('',(67.,17.25,15.));
#1772 = CIRCLE('',#1773,2.25);
#1773 = AXIS2_PLACEMENT_3D('',#1774,#1775,#1776);
#1774 = CARTESIAN_POINT('',(67.,15.,15.));
#1775 = DIRECTION('',(1.,0.,0.));
#1776 = DIRECTION('',(0.,1.,0.));
#1777 = PLANE('',#1778);
#1778 = AXIS2_PLACEMENT_3D('',#1779,#1780,#1781);
#1779 = CARTESIAN_POINT('',(67.,-15.,60.));
#1780 = DIRECTION('',(1.,0.,0.));
#1781 = DIRECTION('',(0.,0.,1.));
#1782 = ADVANCED_FACE('',(#1783),#1789,.T.);
#1783 = FACE_BOUND('',#1784,.T.);
#1784 = EDGE_LOOP('',(#1785,#1786,#1787,#1788));
#1785 = ORIENTED_EDGE('',*,*,#921,.T.);
#1786 = ORIENTED_EDGE('',*,*,#1761,.T.);
#1787 = ORIENTED_EDGE('',*,*,#1732,.F.);
#1788 = ORIENTED_EDGE('',*,*,#1718,.F.);
#1789 = PLANE('',#1790);
#1790 = AXIS2_PLACEMENT_3D('',#1791,#1792,#1793);
#1791 = CARTESIAN_POINT('',(65.5,12.834936490539,18.750000000001));
#1792 = DIRECTION('',(0.,0.866025403784,-0.5));
#1793 = DIRECTION('',(0.,-0.5,-0.866025403784));
#1794 = ADVANCED_FACE('',(#1795),#1820,.F.);
#1795 = FACE_BOUND('',#1796,.F.);
#1796 = EDGE_LOOP('',(#1797,#1798,#1805,#1806,#1814));
#1797 = ORIENTED_EDGE('',*,*,#1064,.T.);
#1798 = ORIENTED_EDGE('',*,*,#1799,.T.);
#1799 = EDGE_CURVE('',#1065,#995,#1800,.T.);
#1800 = CIRCLE('',#1801,5.5);
#1801 = AXIS2_PLACEMENT_3D('',#1802,#1803,#1804);
#1802 = CARTESIAN_POINT('',(65.5,15.,105.));
#1803 = DIRECTION('',(1.,0.,0.));
#1804 = DIRECTION('',(0.,1.,0.));
#1805 = ORIENTED_EDGE('',*,*,#1002,.T.);
#1806 = ORIENTED_EDGE('',*,*,#1807,.F.);
#1807 = EDGE_CURVE('',#1808,#1003,#1810,.T.);
#1808 = VERTEX_POINT('',#1809);
#1809 = CARTESIAN_POINT('',(65.5,10.669872981077,105.));
#1810 = LINE('',#1811,#1812);
#1811 = CARTESIAN_POINT('',(65.5,10.669872981077,105.));
#1812 = VECTOR('',#1813,1.);
#1813 = DIRECTION('',(0.,0.5,-0.866025403784));
#1814 = ORIENTED_EDGE('',*,*,#1815,.F.);
#1815 = EDGE_CURVE('',#1057,#1808,#1816,.T.);
#1816 = LINE('',#1817,#1818);
#1817 = CARTESIAN_POINT('',(65.5,12.834936490539,108.75));
#1818 = VECTOR('',#1819,1.);
#1819 = DIRECTION('',(0.,-0.5,-0.866025403784));
#1820 = PLANE('',#1821);
#1821 = AXIS2_PLACEMENT_3D('',#1822,#1823,#1824);
#1822 = CARTESIAN_POINT('',(65.5,-15.,60.));
#1823 = DIRECTION('',(1.,0.,0.));
#1824 = DIRECTION('',(0.,0.,1.));
#1825 = ADVANCED_FACE('',(#1826),#1844,.T.);
#1826 = FACE_BOUND('',#1827,.T.);
#1827 = EDGE_LOOP('',(#1828,#1836,#1842,#1843));
#1828 = ORIENTED_EDGE('',*,*,#1829,.T.);
#1829 = EDGE_CURVE('',#1808,#1830,#1832,.T.);
#1830 = VERTEX_POINT('',#1831);
#1831 = CARTESIAN_POINT('',(67.,10.669872981077,105.));
#1832 = LINE('',#1833,#1834);
#1833 = CARTESIAN_POINT('',(65.5,10.669872981077,105.));
#1834 = VECTOR('',#1835,1.);
#1835 = DIRECTION('',(1.,0.,0.));
#1836 = ORIENTED_EDGE('',*,*,#1837,.T.);
#1837 = EDGE_CURVE('',#1830,#1011,#1838,.T.);
#1838 = LINE('',#1839,#1840);
#1839 = CARTESIAN_POINT('',(67.,10.669872981077,105.));
#1840 = VECTOR('',#1841,1.);
#1841 = DIRECTION('',(0.,0.5,-0.866025403784));
#1842 = ORIENTED_EDGE('',*,*,#1010,.F.);
#1843 = ORIENTED_EDGE('',*,*,#1807,.F.);
#1844 = PLANE('',#1845);
#1845 = AXIS2_PLACEMENT_3D('',#1846,#1847,#1848);
#1846 = CARTESIAN_POINT('',(65.5,10.669872981077,105.));
#1847 = DIRECTION('',(0.,0.866025403784,0.5));
#1848 = DIRECTION('',(0.,0.5,-0.866025403784));
#1849 = ADVANCED_FACE('',(#1850,#1863),#1874,.F.);
#1850 = FACE_BOUND('',#1851,.F.);
#1851 = EDGE_LOOP('',(#1852,#1853,#1854,#1855,#1856,#1857));
#1852 = ORIENTED_EDGE('',*,*,#1837,.T.);
#1853 = ORIENTED_EDGE('',*,*,#1018,.T.);
#1854 = ORIENTED_EDGE('',*,*,#1112,.T.);
#1855 = ORIENTED_EDGE('',*,*,#1095,.T.);
#1856 = ORIENTED_EDGE('',*,*,#1048,.T.);
#1857 = ORIENTED_EDGE('',*,*,#1858,.T.);
#1858 = EDGE_CURVE('',#1049,#1830,#1859,.T.);
#1859 = LINE('',#1860,#1861);
#1860 = CARTESIAN_POINT('',(67.,12.834936490539,108.75));
#1861 = VECTOR('',#1862,1.);
#1862 = DIRECTION('',(0.,-0.5,-0.866025403784));
#1863 = FACE_BOUND('',#1864,.F.);
#1864 = EDGE_LOOP('',(#1865));
#1865 = ORIENTED_EDGE('',*,*,#1866,.F.);
#1866 = EDGE_CURVE('',#1867,#1867,#1869,.T.);
#1867 = VERTEX_POINT('',#1868);
#1868 = CARTESIAN_POINT('',(67.,17.25,105.));
#1869 = CIRCLE('',#1870,2.25);
#1870 = AXIS2_PLACEMENT_3D('',#1871,#1872,#1873);
#1871 = CARTESIAN_POINT('',(67.,15.,105.));
#1872 = DIRECTION('',(1.,0.,0.));
#1873 = DIRECTION('',(0.,1.,0.));
#1874 = PLANE('',#1875);
#1875 = AXIS2_PLACEMENT_3D('',#1876,#1877,#1878);
#1876 = CARTESIAN_POINT('',(67.,-15.,60.));
#1877 = DIRECTION('',(1.,0.,0.));
#1878 = DIRECTION('',(0.,0.,1.));
#1879 = ADVANCED_FACE('',(#1880),#1886,.T.);
#1880 = FACE_BOUND('',#1881,.T.);
#1881 = EDGE_LOOP('',(#1882,#1883,#1884,#1885));
#1882 = ORIENTED_EDGE('',*,*,#1056,.T.);
#1883 = ORIENTED_EDGE('',*,*,#1858,.T.);
#1884 = ORIENTED_EDGE('',*,*,#1829,.F.);
#1885 = ORIENTED_EDGE('',*,*,#1815,.F.);
#1886 = PLANE('',#1887);
#1887 = AXIS2_PLACEMENT_3D('',#1888,#1889,#1890);
#1888 = CARTESIAN_POINT('',(65.5,12.834936490539,108.75));
#1889 = DIRECTION('',(0.,0.866025403784,-0.5));
#1890 = DIRECTION('',(0.,-0.5,-0.866025403784));
#1891 = ADVANCED_FACE('',(#1892),#1917,.F.);
#1892 = FACE_BOUND('',#1893,.F.);
#1893 = EDGE_LOOP('',(#1894,#1895,#1902,#1903,#1911));
#1894 = ORIENTED_EDGE('',*,*,#1199,.T.);
#1895 = ORIENTED_EDGE('',*,*,#1896,.T.);
#1896 = EDGE_CURVE('',#1200,#1130,#1897,.T.);
#1897 = CIRCLE('',#1898,5.5);
#1898 = AXIS2_PLACEMENT_3D('',#1899,#1900,#1901);
#1899 = CARTESIAN_POINT('',(65.5,-15.,105.));
#1900 = DIRECTION('',(1.,0.,0.));
#1901 = DIRECTION('',(0.,1.,0.));
#1902 = ORIENTED_EDGE('',*,*,#1137,.T.);
#1903 = ORIENTED_EDGE('',*,*,#1904,.F.);
#1904 = EDGE_CURVE('',#1905,#1138,#1907,.T.);
#1905 = VERTEX_POINT('',#1906);
#1906 = CARTESIAN_POINT('',(65.5,-19.33012701892,105.));
#1907 = LINE('',#1908,#1909);
#1908 = CARTESIAN_POINT('',(65.5,-19.33012701892,105.));
#1909 = VECTOR('',#1910,1.);
#1910 = DIRECTION('',(0.,0.5,-0.866025403784));
#1911 = ORIENTED_EDGE('',*,*,#1912,.F.);
#1912 = EDGE_CURVE('',#1192,#1905,#1913,.T.);
#1913 = LINE('',#1914,#1915);
#1914 = CARTESIAN_POINT('',(65.5,-17.16506350946,108.75));
#1915 = VECTOR('',#1916,1.);
#1916 = DIRECTION('',(0.,-0.5,-0.866025403784));
#1917 = PLANE('',#1918);
#1918 = AXIS2_PLACEMENT_3D('',#1919,#1920,#1921);
#1919 = CARTESIAN_POINT('',(65.5,-15.,60.));
#1920 = DIRECTION('',(1.,0.,0.));
#1921 = DIRECTION('',(0.,0.,1.));
#1922 = ADVANCED_FACE('',(#1923),#1941,.T.);
#1923 = FACE_BOUND('',#1924,.T.);
#1924 = EDGE_LOOP('',(#1925,#1933,#1939,#1940));
#1925 = ORIENTED_EDGE('',*,*,#1926,.T.);
#1926 = EDGE_CURVE('',#1905,#1927,#1929,.T.);
#1927 = VERTEX_POINT('',#1928);
#1928 = CARTESIAN_POINT('',(67.,-19.33012701892,105.));
#1929 = LINE('',#1930,#1931);
#1930 = CARTESIAN_POINT('',(65.5,-19.33012701892,105.));
#1931 = VECTOR('',#1932,1.);
#1932 = DIRECTION('',(1.,0.,0.));
#1933 = ORIENTED_EDGE('',*,*,#1934,.T.);
#1934 = EDGE_CURVE('',#1927,#1146,#1935,.T.);
#1935 = LINE('',#1936,#1937);
#1936 = CARTESIAN_POINT('',(67.,-19.33012701892,105.));
#1937 = VECTOR('',#1938,1.);
#1938 = DIRECTION('',(0.,0.5,-0.866025403784));
#1939 = ORIENTED_EDGE('',*,*,#1145,.F.);
#1940 = ORIENTED_EDGE('',*,*,#1904,.F.);
#1941 = PLANE('',#1942);
#1942 = AXIS2_PLACEMENT_3D('',#1943,#1944,#1945);
#1943 = CARTESIAN_POINT('',(65.5,-19.33012701892,105.));
#1944 = DIRECTION('',(0.,0.866025403784,0.5));
#1945 = DIRECTION('',(0.,0.5,-0.866025403784));
#1946 = ADVANCED_FACE('',(#1947,#1960),#1971,.F.);
#1947 = FACE_BOUND('',#1948,.F.);
#1948 = EDGE_LOOP('',(#1949,#1950,#1951,#1952,#1953,#1954));
#1949 = ORIENTED_EDGE('',*,*,#1934,.T.);
#1950 = ORIENTED_EDGE('',*,*,#1153,.T.);
#1951 = ORIENTED_EDGE('',*,*,#1247,.T.);
#1952 = ORIENTED_EDGE('',*,*,#1230,.T.);
#1953 = ORIENTED_EDGE('',*,*,#1183,.T.);
#1954 = ORIENTED_EDGE('',*,*,#1955,.T.);
#1955 = EDGE_CURVE('',#1184,#1927,#1956,.T.);
#1956 = LINE('',#1957,#1958);
#1957 = CARTESIAN_POINT('',(67.,-17.16506350946,108.75));
#1958 = VECTOR('',#1959,1.);
#1959 = DIRECTION('',(0.,-0.5,-0.866025403784));
#1960 = FACE_BOUND('',#1961,.F.);
#1961 = EDGE_LOOP('',(#1962));
#1962 = ORIENTED_EDGE('',*,*,#1963,.F.);
#1963 = EDGE_CURVE('',#1964,#1964,#1966,.T.);
#1964 = VERTEX_POINT('',#1965);
#1965 = CARTESIAN_POINT('',(67.,-12.75,105.));
#1966 = CIRCLE('',#1967,2.25);
#1967 = AXIS2_PLACEMENT_3D('',#1968,#1969,#1970);
#1968 = CARTESIAN_POINT('',(67.,-15.,105.));
#1969 = DIRECTION('',(1.,0.,0.));
#1970 = DIRECTION('',(0.,1.,0.));
#1971 = PLANE('',#1972);
#1972 = AXIS2_PLACEMENT_3D('',#1973,#1974,#1975);
#1973 = CARTESIAN_POINT('',(67.,-15.,60.));
#1974 = DIRECTION('',(1.,0.,0.));
#1975 = DIRECTION('',(0.,0.,1.));
#1976 = ADVANCED_FACE('',(#1977),#1983,.T.);
#1977 = FACE_BOUND('',#1978,.T.);
#1978 = EDGE_LOOP('',(#1979,#1980,#1981,#1982));
#1979 = ORIENTED_EDGE('',*,*,#1191,.T.);
#1980 = ORIENTED_EDGE('',*,*,#1955,.T.);
#1981 = ORIENTED_EDGE('',*,*,#1926,.F.);
#1982 = ORIENTED_EDGE('',*,*,#1912,.F.);
#1983 = PLANE('',#1984);
#1984 = AXIS2_PLACEMENT_3D('',#1985,#1986,#1987);
#1985 = CARTESIAN_POINT('',(65.5,-17.16506350946,108.75));
#1986 = DIRECTION('',(0.,0.866025403784,-0.5));
#1987 = DIRECTION('',(0.,-0.5,-0.866025403784));
#1988 = ADVANCED_FACE('',(#1989),#2014,.F.);
#1989 = FACE_BOUND('',#1990,.F.);
#1990 = EDGE_LOOP('',(#1991,#1992,#1999,#2000,#2008));
#1991 = ORIENTED_EDGE('',*,*,#1334,.T.);
#1992 = ORIENTED_EDGE('',*,*,#1993,.T.);
#1993 = EDGE_CURVE('',#1335,#1265,#1994,.T.);
#1994 = CIRCLE('',#1995,5.5);
#1995 = AXIS2_PLACEMENT_3D('',#1996,#1997,#1998);
#1996 = CARTESIAN_POINT('',(65.5,-15.,15.));
#1997 = DIRECTION('',(1.,0.,0.));
#1998 = DIRECTION('',(0.,1.,0.));
#1999 = ORIENTED_EDGE('',*,*,#1272,.T.);
#2000 = ORIENTED_EDGE('',*,*,#2001,.F.);
#2001 = EDGE_CURVE('',#2002,#1273,#2004,.T.);
#2002 = VERTEX_POINT('',#2003);
#2003 = CARTESIAN_POINT('',(65.5,-19.33012701892,15.));
#2004 = LINE('',#2005,#2006);
#2005 = CARTESIAN_POINT('',(65.5,-19.33012701892,15.));
#2006 = VECTOR('',#2007,1.);
#2007 = DIRECTION('',(0.,0.5,-0.866025403784));
#2008 = ORIENTED_EDGE('',*,*,#2009,.F.);
#2009 = EDGE_CURVE('',#1327,#2002,#2010,.T.);
#2010 = LINE('',#2011,#2012);
#2011 = CARTESIAN_POINT('',(65.5,-17.16506350946,18.750000000001));
#2012 = VECTOR('',#2013,1.);
#2013 = DIRECTION('',(0.,-0.5,-0.866025403784));
#2014 = PLANE('',#2015);
#2015 = AXIS2_PLACEMENT_3D('',#2016,#2017,#2018);
#2016 = CARTESIAN_POINT('',(65.5,-15.,60.));
#2017 = DIRECTION('',(1.,0.,0.));
#2018 = DIRECTION('',(0.,0.,1.));
#2019 = ADVANCED_FACE('',(#2020),#2038,.T.);
#2020 = FACE_BOUND('',#2021,.T.);
#2021 = EDGE_LOOP('',(#2022,#2030,#2036,#2037));
#2022 = ORIENTED_EDGE('',*,*,#2023,.T.);
#2023 = EDGE_CURVE('',#2002,#2024,#2026,.T.);
#2024 = VERTEX_POINT('',#2025);
#2025 = CARTESIAN_POINT('',(67.,-19.33012701892,15.));
#2026 = LINE('',#2027,#2028);
#2027 = CARTESIAN_POINT('',(65.5,-19.33012701892,15.));
#2028 = VECTOR('',#2029,1.);
#2029 = DIRECTION('',(1.,0.,0.));
#2030 = ORIENTED_EDGE('',*,*,#2031,.T.);
#2031 = EDGE_CURVE('',#2024,#1281,#2032,.T.);
#2032 = LINE('',#2033,#2034);
#2033 = CARTESIAN_POINT('',(67.,-19.33012701892,15.));
#2034 = VECTOR('',#2035,1.);
#2035 = DIRECTION('',(0.,0.5,-0.866025403784));
#2036 = ORIENTED_EDGE('',*,*,#1280,.F.);
#2037 = ORIENTED_EDGE('',*,*,#2001,.F.);
#2038 = PLANE('',#2039);
#2039 = AXIS2_PLACEMENT_3D('',#2040,#2041,#2042);
#2040 = CARTESIAN_POINT('',(65.5,-19.33012701892,15.));
#2041 = DIRECTION('',(0.,0.866025403784,0.5));
#2042 = DIRECTION('',(0.,0.5,-0.866025403784));
#2043 = ADVANCED_FACE('',(#2044,#2057),#2068,.F.);
#2044 = FACE_BOUND('',#2045,.F.);
#2045 = EDGE_LOOP('',(#2046,#2047,#2048,#2049,#2050,#2051));
#2046 = ORIENTED_EDGE('',*,*,#2031,.T.);
#2047 = ORIENTED_EDGE('',*,*,#1288,.T.);
#2048 = ORIENTED_EDGE('',*,*,#1382,.T.);
#2049 = ORIENTED_EDGE('',*,*,#1365,.T.);
#2050 = ORIENTED_EDGE('',*,*,#1318,.T.);
#2051 = ORIENTED_EDGE('',*,*,#2052,.T.);
#2052 = EDGE_CURVE('',#1319,#2024,#2053,.T.);
#2053 = LINE('',#2054,#2055);
#2054 = CARTESIAN_POINT('',(67.,-17.16506350946,18.750000000001));
#2055 = VECTOR('',#2056,1.);
#2056 = DIRECTION('',(0.,-0.5,-0.866025403784));
#2057 = FACE_BOUND('',#2058,.F.);
#2058 = EDGE_LOOP('',(#2059));
#2059 = ORIENTED_EDGE('',*,*,#2060,.F.);
#2060 = EDGE_CURVE('',#2061,#2061,#2063,.T.);
#2061 = VERTEX_POINT('',#2062);
#2062 = CARTESIAN_POINT('',(67.,-12.75,15.));
#2063 = CIRCLE('',#2064,2.25);
#2064 = AXIS2_PLACEMENT_3D('',#2065,#2066,#2067);
#2065 = CARTESIAN_POINT('',(67.,-15.,15.));
#2066 = DIRECTION('',(1.,0.,0.));
#2067 = DIRECTION('',(0.,1.,0.));
#2068 = PLANE('',#2069);
#2069 = AXIS2_PLACEMENT_3D('',#2070,#2071,#2072);
#2070 = CARTESIAN_POINT('',(67.,-15.,60.));
#2071 = DIRECTION('',(1.,0.,0.));
#2072 = DIRECTION('',(0.,0.,1.));
#2073 = ADVANCED_FACE('',(#2074),#2080,.T.);
#2074 = FACE_BOUND('',#2075,.T.);
#2075 = EDGE_LOOP('',(#2076,#2077,#2078,#2079));
#2076 = ORIENTED_EDGE('',*,*,#1326,.T.);
#2077 = ORIENTED_EDGE('',*,*,#2052,.T.);
#2078 = ORIENTED_EDGE('',*,*,#2023,.F.);
#2079 = ORIENTED_EDGE('',*,*,#2009,.F.);
#2080 = PLANE('',#2081);
#2081 = AXIS2_PLACEMENT_3D('',#2082,#2083,#2084);
#2082 = CARTESIAN_POINT('',(65.5,-17.16506350946,18.750000000001));
#2083 = DIRECTION('',(0.,0.866025403784,-0.5));
#2084 = DIRECTION('',(0.,-0.5,-0.866025403784));
#2085 = ADVANCED_FACE('',(#2086),#2111,.F.);
#2086 = FACE_BOUND('',#2087,.F.);
#2087 = EDGE_LOOP('',(#2088,#2089,#2096,#2097,#2105));
#2088 = ORIENTED_EDGE('',*,*,#1469,.T.);
#2089 = ORIENTED_EDGE('',*,*,#2090,.T.);
#2090 = EDGE_CURVE('',#1470,#1400,#2091,.T.);
#2091 = CIRCLE('',#2092,5.5);
#2092 = AXIS2_PLACEMENT_3D('',#2093,#2094,#2095);
#2093 = CARTESIAN_POINT('',(65.5,-45.,15.));
#2094 = DIRECTION('',(1.,0.,0.));
#2095 = DIRECTION('',(0.,1.,0.));
#2096 = ORIENTED_EDGE('',*,*,#1407,.T.);
#2097 = ORIENTED_EDGE('',*,*,#2098,.F.);
#2098 = EDGE_CURVE('',#2099,#1408,#2101,.T.);
#2099 = VERTEX_POINT('',#2100);
#2100 = CARTESIAN_POINT('',(65.5,-49.33012701892,15.));
#2101 = LINE('',#2102,#2103);
#2102 = CARTESIAN_POINT('',(65.5,-49.33012701892,15.));
#2103 = VECTOR('',#2104,1.);
#2104 = DIRECTION('',(0.,0.5,-0.866025403784));
#2105 = ORIENTED_EDGE('',*,*,#2106,.F.);
#2106 = EDGE_CURVE('',#1462,#2099,#2107,.T.);
#2107 = LINE('',#2108,#2109);
#2108 = CARTESIAN_POINT('',(65.5,-47.16506350946,18.750000000001));
#2109 = VECTOR('',#2110,1.);
#2110 = DIRECTION('',(0.,-0.5,-0.866025403784));
#2111 = PLANE('',#2112);
#2112 = AXIS2_PLACEMENT_3D('',#2113,#2114,#2115);
#2113 = CARTESIAN_POINT('',(65.5,-15.,60.));
#2114 = DIRECTION('',(1.,0.,0.));
#2115 = DIRECTION('',(0.,0.,1.));
#2116 = ADVANCED_FACE('',(#2117),#2135,.T.);
#2117 = FACE_BOUND('',#2118,.T.);
#2118 = EDGE_LOOP('',(#2119,#2127,#2133,#2134));
#2119 = ORIENTED_EDGE('',*,*,#2120,.T.);
#2120 = EDGE_CURVE('',#2099,#2121,#2123,.T.);
#2121 = VERTEX_POINT('',#2122);
#2122 = CARTESIAN_POINT('',(67.,-49.33012701892,15.));
#2123 = LINE('',#2124,#2125);
#2124 = CARTESIAN_POINT('',(65.5,-49.33012701892,15.));
#2125 = VECTOR('',#2126,1.);
#2126 = DIRECTION('',(1.,0.,0.));
#2127 = ORIENTED_EDGE('',*,*,#2128,.T.);
#2128 = EDGE_CURVE('',#2121,#1416,#2129,.T.);
#2129 = LINE('',#2130,#2131);
#2130 = CARTESIAN_POINT('',(67.,-49.33012701892,15.));
#2131 = VECTOR('',#2132,1.);
#2132 = DIRECTION('',(0.,0.5,-0.866025403784));
#2133 = ORIENTED_EDGE('',*,*,#1415,.F.);
#2134 = ORIENTED_EDGE('',*,*,#2098,.F.);
#2135 = PLANE('',#2136);
#2136 = AXIS2_PLACEMENT_3D('',#2137,#2138,#2139);
#2137 = CARTESIAN_POINT('',(65.5,-49.33012701892,15.));
#2138 = DIRECTION('',(0.,0.866025403784,0.5));
#2139 = DIRECTION('',(0.,0.5,-0.866025403784));
#2140 = ADVANCED_FACE('',(#2141,#2154),#2165,.F.);
#2141 = FACE_BOUND('',#2142,.F.);
#2142 = EDGE_LOOP('',(#2143,#2144,#2145,#2146,#2147,#2148));
#2143 = ORIENTED_EDGE('',*,*,#2128,.T.);
#2144 = ORIENTED_EDGE('',*,*,#1423,.T.);
#2145 = ORIENTED_EDGE('',*,*,#1517,.T.);
#2146 = ORIENTED_EDGE('',*,*,#1500,.T.);
#2147 = ORIENTED_EDGE('',*,*,#1453,.T.);
#2148 = ORIENTED_EDGE('',*,*,#2149,.T.);
#2149 = EDGE_CURVE('',#1454,#2121,#2150,.T.);
#2150 = LINE('',#2151,#2152);
#2151 = CARTESIAN_POINT('',(67.,-47.16506350946,18.750000000001));
#2152 = VECTOR('',#2153,1.);
#2153 = DIRECTION('',(0.,-0.5,-0.866025403784));
#2154 = FACE_BOUND('',#2155,.F.);
#2155 = EDGE_LOOP('',(#2156));
#2156 = ORIENTED_EDGE('',*,*,#2157,.F.);
#2157 = EDGE_CURVE('',#2158,#2158,#2160,.T.);
#2158 = VERTEX_POINT('',#2159);
#2159 = CARTESIAN_POINT('',(67.,-42.75,15.));
#2160 = CIRCLE('',#2161,2.25);
#2161 = AXIS2_PLACEMENT_3D('',#2162,#2163,#2164);
#2162 = CARTESIAN_POINT('',(67.,-45.,15.));
#2163 = DIRECTION('',(1.,0.,0.));
#2164 = DIRECTION('',(0.,1.,0.));
#2165 = PLANE('',#2166);
#2166 = AXIS2_PLACEMENT_3D('',#2167,#2168,#2169);
#2167 = CARTESIAN_POINT('',(67.,-15.,60.));
#2168 = DIRECTION('',(1.,0.,0.));
#2169 = DIRECTION('',(0.,0.,1.));
#2170 = ADVANCED_FACE('',(#2171),#2177,.T.);
#2171 = FACE_BOUND('',#2172,.T.);
#2172 = EDGE_LOOP('',(#2173,#2174,#2175,#2176));
#2173 = ORIENTED_EDGE('',*,*,#1461,.T.);
#2174 = ORIENTED_EDGE('',*,*,#2149,.T.);
#2175 = ORIENTED_EDGE('',*,*,#2120,.F.);
#2176 = ORIENTED_EDGE('',*,*,#2106,.F.);
#2177 = PLANE('',#2178);
#2178 = AXIS2_PLACEMENT_3D('',#2179,#2180,#2181);
#2179 = CARTESIAN_POINT('',(65.5,-47.16506350946,18.750000000001));
#2180 = DIRECTION('',(0.,0.866025403784,-0.5));
#2181 = DIRECTION('',(0.,-0.5,-0.866025403784));
#2182 = ADVANCED_FACE('',(#2183),#2202,.F.);
#2183 = FACE_BOUND('',#2184,.T.);
#2184 = EDGE_LOOP('',(#2185,#2193,#2200,#2201));
#2185 = ORIENTED_EDGE('',*,*,#2186,.T.);
#2186 = EDGE_CURVE('',#1770,#2187,#2189,.T.);
#2187 = VERTEX_POINT('',#2188);
#2188 = CARTESIAN_POINT('',(69.,17.25,15.));
#2189 = LINE('',#2190,#2191);
#2190 = CARTESIAN_POINT('',(67.,17.25,15.));
#2191 = VECTOR('',#2192,1.);
#2192 = DIRECTION('',(1.,0.,0.));
#2193 = ORIENTED_EDGE('',*,*,#2194,.T.);
#2194 = EDGE_CURVE('',#2187,#2187,#2195,.T.);
#2195 = CIRCLE('',#2196,2.25);
#2196 = AXIS2_PLACEMENT_3D('',#2197,#2198,#2199);
#2197 = CARTESIAN_POINT('',(69.,15.,15.));
#2198 = DIRECTION('',(1.,0.,0.));
#2199 = DIRECTION('',(0.,1.,0.));
#2200 = ORIENTED_EDGE('',*,*,#2186,.F.);
#2201 = ORIENTED_EDGE('',*,*,#1769,.F.);
#2202 = CYLINDRICAL_SURFACE('',#2203,2.25);
#2203 = AXIS2_PLACEMENT_3D('',#2204,#2205,#2206);
#2204 = CARTESIAN_POINT('',(67.,15.,15.));
#2205 = DIRECTION('',(-1.,-0.,-0.));
#2206 = DIRECTION('',(0.,1.,0.));
#2207 = ADVANCED_FACE('',(#2208,#2219),#2222,.T.);
#2208 = FACE_BOUND('',#2209,.T.);
#2209 = EDGE_LOOP('',(#2210));
#2210 = ORIENTED_EDGE('',*,*,#2211,.T.);
#2211 = EDGE_CURVE('',#2212,#2212,#2214,.T.);
#2212 = VERTEX_POINT('',#2213);
#2213 = CARTESIAN_POINT('',(69.,20.5,15.));
#2214 = CIRCLE('',#2215,5.5);
#2215 = AXIS2_PLACEMENT_3D('',#2216,#2217,#2218);
#2216 = CARTESIAN_POINT('',(69.,15.,15.));
#2217 = DIRECTION('',(1.,0.,0.));
#2218 = DIRECTION('',(0.,1.,0.));
#2219 = FACE_BOUND('',#2220,.F.);
#2220 = EDGE_LOOP('',(#2221));
#2221 = ORIENTED_EDGE('',*,*,#2194,.T.);
#2222 = PLANE('',#2223);
#2223 = AXIS2_PLACEMENT_3D('',#2224,#2225,#2226);
#2224 = CARTESIAN_POINT('',(69.,-15.,60.));
#2225 = DIRECTION('',(1.,0.,0.));
#2226 = DIRECTION('',(0.,0.,1.));
#2227 = ADVANCED_FACE('',(#2228),#2247,.F.);
#2228 = FACE_BOUND('',#2229,.T.);
#2229 = EDGE_LOOP('',(#2230,#2238,#2245,#2246));
#2230 = ORIENTED_EDGE('',*,*,#2231,.T.);
#2231 = EDGE_CURVE('',#1867,#2232,#2234,.T.);
#2232 = VERTEX_POINT('',#2233);
#2233 = CARTESIAN_POINT('',(69.,17.25,105.));
#2234 = LINE('',#2235,#2236);
#2235 = CARTESIAN_POINT('',(67.,17.25,105.));
#2236 = VECTOR('',#2237,1.);
#2237 = DIRECTION('',(1.,0.,0.));
#2238 = ORIENTED_EDGE('',*,*,#2239,.T.);
#2239 = EDGE_CURVE('',#2232,#2232,#2240,.T.);
#2240 = CIRCLE('',#2241,2.25);
#2241 = AXIS2_PLACEMENT_3D('',#2242,#2243,#2244);
#2242 = CARTESIAN_POINT('',(69.,15.,105.));
#2243 = DIRECTION('',(1.,0.,0.));
#2244 = DIRECTION('',(0.,1.,0.));
#2245 = ORIENTED_EDGE('',*,*,#2231,.F.);
#2246 = ORIENTED_EDGE('',*,*,#1866,.F.);
#2247 = CYLINDRICAL_SURFACE('',#2248,2.25);
#2248 = AXIS2_PLACEMENT_3D('',#2249,#2250,#2251);
#2249 = CARTESIAN_POINT('',(67.,15.,105.));
#2250 = DIRECTION('',(-1.,-0.,-0.));
#2251 = DIRECTION('',(0.,1.,0.));
#2252 = ADVANCED_FACE('',(#2253,#2264),#2267,.T.);
#2253 = FACE_BOUND('',#2254,.T.);
#2254 = EDGE_LOOP('',(#2255));
#2255 = ORIENTED_EDGE('',*,*,#2256,.T.);
#2256 = EDGE_CURVE('',#2257,#2257,#2259,.T.);
#2257 = VERTEX_POINT('',#2258);
#2258 = CARTESIAN_POINT('',(69.,20.5,105.));
#2259 = CIRCLE('',#2260,5.5);
#2260 = AXIS2_PLACEMENT_3D('',#2261,#2262,#2263);
#2261 = CARTESIAN_POINT('',(69.,15.,105.));
#2262 = DIRECTION('',(1.,0.,0.));
#2263 = DIRECTION('',(0.,1.,0.));
#2264 = FACE_BOUND('',#2265,.F.);
#2265 = EDGE_LOOP('',(#2266));
#2266 = ORIENTED_EDGE('',*,*,#2239,.T.);
#2267 = PLANE('',#2268);
#2268 = AXIS2_PLACEMENT_3D('',#2269,#2270,#2271);
#2269 = CARTESIAN_POINT('',(69.,-15.,60.));
#2270 = DIRECTION('',(1.,0.,0.));
#2271 = DIRECTION('',(0.,0.,1.));
#2272 = ADVANCED_FACE('',(#2273),#2292,.F.);
#2273 = FACE_BOUND('',#2274,.T.);
#2274 = EDGE_LOOP('',(#2275,#2283,#2290,#2291));
#2275 = ORIENTED_EDGE('',*,*,#2276,.T.);
#2276 = EDGE_CURVE('',#1964,#2277,#2279,.T.);
#2277 = VERTEX_POINT('',#2278);
#2278 = CARTESIAN_POINT('',(69.,-12.75,105.));
#2279 = LINE('',#2280,#2281);
#2280 = CARTESIAN_POINT('',(67.,-12.75,105.));
#2281 = VECTOR('',#2282,1.);
#2282 = DIRECTION('',(1.,0.,0.));
#2283 = ORIENTED_EDGE('',*,*,#2284,.T.);
#2284 = EDGE_CURVE('',#2277,#2277,#2285,.T.);
#2285 = CIRCLE('',#2286,2.25);
#2286 = AXIS2_PLACEMENT_3D('',#2287,#2288,#2289);
#2287 = CARTESIAN_POINT('',(69.,-15.,105.));
#2288 = DIRECTION('',(1.,0.,0.));
#2289 = DIRECTION('',(0.,1.,0.));
#2290 = ORIENTED_EDGE('',*,*,#2276,.F.);
#2291 = ORIENTED_EDGE('',*,*,#1963,.F.);
#2292 = CYLINDRICAL_SURFACE('',#2293,2.25);
#2293 = AXIS2_PLACEMENT_3D('',#2294,#2295,#2296);
#2294 = CARTESIAN_POINT('',(67.,-15.,105.));
#2295 = DIRECTION('',(-1.,-0.,-0.));
#2296 = DIRECTION('',(0.,1.,0.));
#2297 = ADVANCED_FACE('',(#2298,#2309),#2312,.T.);
#2298 = FACE_BOUND('',#2299,.T.);
#2299 = EDGE_LOOP('',(#2300));
#2300 = ORIENTED_EDGE('',*,*,#2301,.T.);
#2301 = EDGE_CURVE('',#2302,#2302,#2304,.T.);
#2302 = VERTEX_POINT('',#2303);
#2303 = CARTESIAN_POINT('',(69.,-9.5,105.));
#2304 = CIRCLE('',#2305,5.5);
#2305 = AXIS2_PLACEMENT_3D('',#2306,#2307,#2308);
#2306 = CARTESIAN_POINT('',(69.,-15.,105.));
#2307 = DIRECTION('',(1.,0.,0.));
#2308 = DIRECTION('',(0.,1.,0.));
#2309 = FACE_BOUND('',#2310,.F.);
#2310 = EDGE_LOOP('',(#2311));
#2311 = ORIENTED_EDGE('',*,*,#2284,.T.);
#2312 = PLANE('',#2313);
#2313 = AXIS2_PLACEMENT_3D('',#2314,#2315,#2316);
#2314 = CARTESIAN_POINT('',(69.,-15.,60.));
#2315 = DIRECTION('',(1.,0.,0.));
#2316 = DIRECTION('',(0.,0.,1.));
#2317 = ADVANCED_FACE('',(#2318),#2337,.F.);
#2318 = FACE_BOUND('',#2319,.T.);
#2319 = EDGE_LOOP('',(#2320,#2328,#2335,#2336));
#2320 = ORIENTED_EDGE('',*,*,#2321,.T.);
#2321 = EDGE_CURVE('',#2061,#2322,#2324,.T.);
#2322 = VERTEX_POINT('',#2323);
#2323 = CARTESIAN_POINT('',(69.,-12.75,15.));
#2324 = LINE('',#2325,#2326);
#2325 = CARTESIAN_POINT('',(67.,-12.75,15.));
#2326 = VECTOR('',#2327,1.);
#2327 = DIRECTION('',(1.,0.,0.));
#2328 = ORIENTED_EDGE('',*,*,#2329,.T.);
#2329 = EDGE_CURVE('',#2322,#2322,#2330,.T.);
#2330 = CIRCLE('',#2331,2.25);
#2331 = AXIS2_PLACEMENT_3D('',#2332,#2333,#2334);
#2332 = CARTESIAN_POINT('',(69.,-15.,15.));
#2333 = DIRECTION('',(1.,0.,0.));
#2334 = DIRECTION('',(0.,1.,0.));
#2335 = ORIENTED_EDGE('',*,*,#2321,.F.);
#2336 = ORIENTED_EDGE('',*,*,#2060,.F.);
#2337 = CYLINDRICAL_SURFACE('',#2338,2.25);
#2338 = AXIS2_PLACEMENT_3D('',#2339,#2340,#2341);
#2339 = CARTESIAN_POINT('',(67.,-15.,15.));
#2340 = DIRECTION('',(-1.,-0.,-0.));
#2341 = DIRECTION('',(0.,1.,0.));
#2342 = ADVANCED_FACE('',(#2343,#2354),#2357,.T.);
#2343 = FACE_BOUND('',#2344,.T.);
#2344 = EDGE_LOOP('',(#2345));
#2345 = ORIENTED_EDGE('',*,*,#2346,.T.);
#2346 = EDGE_CURVE('',#2347,#2347,#2349,.T.);
#2347 = VERTEX_POINT('',#2348);
#2348 = CARTESIAN_POINT('',(69.,-9.5,15.));
#2349 = CIRCLE('',#2350,5.5);
#2350 = AXIS2_PLACEMENT_3D('',#2351,#2352,#2353);
#2351 = CARTESIAN_POINT('',(69.,-15.,15.));
#2352 = DIRECTION('',(1.,0.,0.));
#2353 = DIRECTION('',(0.,1.,0.));
#2354 = FACE_BOUND('',#2355,.F.);
#2355 = EDGE_LOOP('',(#2356));
#2356 = ORIENTED_EDGE('',*,*,#2329,.T.);
#2357 = PLANE('',#2358);
#2358 = AXIS2_PLACEMENT_3D('',#2359,#2360,#2361);
#2359 = CARTESIAN_POINT('',(69.,-15.,60.));
#2360 = DIRECTION('',(1.,0.,0.));
#2361 = DIRECTION('',(0.,0.,1.));
#2362 = ADVANCED_FACE('',(#2363),#2382,.F.);
#2363 = FACE_BOUND('',#2364,.T.);
#2364 = EDGE_LOOP('',(#2365,#2373,#2380,#2381));
#2365 = ORIENTED_EDGE('',*,*,#2366,.T.);
#2366 = EDGE_CURVE('',#2158,#2367,#2369,.T.);
#2367 = VERTEX_POINT('',#2368);
#2368 = CARTESIAN_POINT('',(69.,-42.75,15.));
#2369 = LINE('',#2370,#2371);
#2370 = CARTESIAN_POINT('',(67.,-42.75,15.));
#2371 = VECTOR('',#2372,1.);
#2372 = DIRECTION('',(1.,0.,0.));
#2373 = ORIENTED_EDGE('',*,*,#2374,.T.);
#2374 = EDGE_CURVE('',#2367,#2367,#2375,.T.);
#2375 = CIRCLE('',#2376,2.25);
#2376 = AXIS2_PLACEMENT_3D('',#2377,#2378,#2379);
#2377 = CARTESIAN_POINT('',(69.,-45.,15.));
#2378 = DIRECTION('',(1.,0.,0.));
#2379 = DIRECTION('',(0.,1.,0.));
#2380 = ORIENTED_EDGE('',*,*,#2366,.F.);
#2381 = ORIENTED_EDGE('',*,*,#2157,.F.);
#2382 = CYLINDRICAL_SURFACE('',#2383,2.25);
#2383 = AXIS2_PLACEMENT_3D('',#2384,#2385,#2386);
#2384 = CARTESIAN_POINT('',(67.,-45.,15.));
#2385 = DIRECTION('',(-1.,-0.,-0.));
#2386 = DIRECTION('',(0.,1.,0.));
#2387 = ADVANCED_FACE('',(#2388,#2399),#2402,.T.);
#2388 = FACE_BOUND('',#2389,.T.);
#2389 = EDGE_LOOP('',(#2390));
#2390 = ORIENTED_EDGE('',*,*,#2391,.T.);
#2391 = EDGE_CURVE('',#2392,#2392,#2394,.T.);
#2392 = VERTEX_POINT('',#2393);
#2393 = CARTESIAN_POINT('',(69.,-39.5,15.));
#2394 = CIRCLE('',#2395,5.5);
#2395 = AXIS2_PLACEMENT_3D('',#2396,#2397,#2398);
#2396 = CARTESIAN_POINT('',(69.,-45.,15.));
#2397 = DIRECTION('',(1.,0.,0.));
#2398 = DIRECTION('',(0.,1.,0.));
#2399 = FACE_BOUND('',#2400,.F.);
#2400 = EDGE_LOOP('',(#2401));
#2401 = ORIENTED_EDGE('',*,*,#2374,.T.);
#2402 = PLANE('',#2403);
#2403 = AXIS2_PLACEMENT_3D('',#2404,#2405,#2406);
#2404 = CARTESIAN_POINT('',(69.,-15.,60.));
#2405 = DIRECTION('',(1.,0.,0.));
#2406 = DIRECTION('',(0.,0.,1.));
#2407 = ADVANCED_FACE('',(#2408),#2422,.T.);
#2408 = FACE_BOUND('',#2409,.F.);
#2409 = EDGE_LOOP('',(#2410,#2411,#2412,#2413,#2414,#2415,#2420,#2421));
#2410 = ORIENTED_EDGE('',*,*,#594,.F.);
#2411 = ORIENTED_EDGE('',*,*,#165,.T.);
#2412 = ORIENTED_EDGE('',*,*,#31,.F.);
#2413 = ORIENTED_EDGE('',*,*,#95,.F.);
#2414 = ORIENTED_EDGE('',*,*,#585,.F.);
#2415 = ORIENTED_EDGE('',*,*,#2416,.F.);
#2416 = EDGE_CURVE('',#1534,#586,#2417,.T.);
#2417 = B_SPLINE_CURVE_WITH_KNOTS('',1,(#2418,#2419),.UNSPECIFIED.,.F.,
  .F.,(2,2),(-7.,0.),.PIECEWISE_BEZIER_KNOTS.);
#2418 = CARTESIAN_POINT('',(69.,-39.5,105.));
#2419 = CARTESIAN_POINT('',(62.,-39.5,105.));
#2420 = ORIENTED_EDGE('',*,*,#1533,.T.);
#2421 = ORIENTED_EDGE('',*,*,#2416,.T.);
#2422 = CYLINDRICAL_SURFACE('',#2423,5.5);
#2423 = AXIS2_PLACEMENT_3D('',#2424,#2425,#2426);
#2424 = CARTESIAN_POINT('',(62.,-45.,105.));
#2425 = DIRECTION('',(-1.,-0.,-0.));
#2426 = DIRECTION('',(0.,1.,0.));
#2427 = ADVANCED_FACE('',(#2428),#2442,.T.);
#2428 = FACE_BOUND('',#2429,.F.);
#2429 = EDGE_LOOP('',(#2430,#2431,#2432,#2433,#2434,#2435,#2440,#2441));
#2430 = ORIENTED_EDGE('',*,*,#359,.F.);
#2431 = ORIENTED_EDGE('',*,*,#859,.T.);
#2432 = ORIENTED_EDGE('',*,*,#1702,.F.);
#2433 = ORIENTED_EDGE('',*,*,#937,.F.);
#2434 = ORIENTED_EDGE('',*,*,#350,.F.);
#2435 = ORIENTED_EDGE('',*,*,#2436,.F.);
#2436 = EDGE_CURVE('',#2212,#351,#2437,.T.);
#2437 = B_SPLINE_CURVE_WITH_KNOTS('',1,(#2438,#2439),.UNSPECIFIED.,.F.,
  .F.,(2,2),(-7.,0.),.PIECEWISE_BEZIER_KNOTS.);
#2438 = CARTESIAN_POINT('',(69.,20.5,15.));
#2439 = CARTESIAN_POINT('',(62.,20.5,15.));
#2440 = ORIENTED_EDGE('',*,*,#2211,.T.);
#2441 = ORIENTED_EDGE('',*,*,#2436,.T.);
#2442 = CYLINDRICAL_SURFACE('',#2443,5.5);
#2443 = AXIS2_PLACEMENT_3D('',#2444,#2445,#2446);
#2444 = CARTESIAN_POINT('',(62.,15.,15.));
#2445 = DIRECTION('',(-1.,-0.,-0.));
#2446 = DIRECTION('',(0.,1.,0.));
#2447 = ADVANCED_FACE('',(#2448),#2462,.T.);
#2448 = FACE_BOUND('',#2449,.F.);
#2449 = EDGE_LOOP('',(#2450,#2451,#2452,#2453,#2454,#2455,#2460,#2461));
#2450 = ORIENTED_EDGE('',*,*,#411,.F.);
#2451 = ORIENTED_EDGE('',*,*,#994,.T.);
#2452 = ORIENTED_EDGE('',*,*,#1799,.F.);
#2453 = ORIENTED_EDGE('',*,*,#1072,.F.);
#2454 = ORIENTED_EDGE('',*,*,#402,.F.);
#2455 = ORIENTED_EDGE('',*,*,#2456,.F.);
#2456 = EDGE_CURVE('',#2257,#403,#2457,.T.);
#2457 = B_SPLINE_CURVE_WITH_KNOTS('',1,(#2458,#2459),.UNSPECIFIED.,.F.,
  .F.,(2,2),(-7.,0.),.PIECEWISE_BEZIER_KNOTS.);
#2458 = CARTESIAN_POINT('',(69.,20.5,105.));
#2459 = CARTESIAN_POINT('',(62.,20.5,105.));
#2460 = ORIENTED_EDGE('',*,*,#2256,.T.);
#2461 = ORIENTED_EDGE('',*,*,#2456,.T.);
#2462 = CYLINDRICAL_SURFACE('',#2463,5.5);
#2463 = AXIS2_PLACEMENT_3D('',#2464,#2465,#2466);
#2464 = CARTESIAN_POINT('',(62.,15.,105.));
#2465 = DIRECTION('',(-1.,-0.,-0.));
#2466 = DIRECTION('',(0.,1.,0.));
#2467 = ADVANCED_FACE('',(#2468),#2482,.T.);
#2468 = FACE_BOUND('',#2469,.F.);
#2469 = EDGE_LOOP('',(#2470,#2471,#2472,#2473,#2474,#2475,#2480,#2481));
#2470 = ORIENTED_EDGE('',*,*,#463,.F.);
#2471 = ORIENTED_EDGE('',*,*,#1129,.T.);
#2472 = ORIENTED_EDGE('',*,*,#1896,.F.);
#2473 = ORIENTED_EDGE('',*,*,#1207,.F.);
#2474 = ORIENTED_EDGE('',*,*,#454,.F.);
#2475 = ORIENTED_EDGE('',*,*,#2476,.F.);
#2476 = EDGE_CURVE('',#2302,#455,#2477,.T.);
#2477 = B_SPLINE_CURVE_WITH_KNOTS('',1,(#2478,#2479),.UNSPECIFIED.,.F.,
  .F.,(2,2),(-7.,0.),.PIECEWISE_BEZIER_KNOTS.);
#2478 = CARTESIAN_POINT('',(69.,-9.5,105.));
#2479 = CARTESIAN_POINT('',(62.,-9.5,105.));
#2480 = ORIENTED_EDGE('',*,*,#2301,.T.);
#2481 = ORIENTED_EDGE('',*,*,#2476,.T.);
#2482 = CYLINDRICAL_SURFACE('',#2483,5.5);
#2483 = AXIS2_PLACEMENT_3D('',#2484,#2485,#2486);
#2484 = CARTESIAN_POINT('',(62.,-15.,105.));
#2485 = DIRECTION('',(-1.,-0.,-0.));
#2486 = DIRECTION('',(0.,1.,0.));
#2487 = ADVANCED_FACE('',(#2488),#2502,.T.);
#2488 = FACE_BOUND('',#2489,.F.);
#2489 = EDGE_LOOP('',(#2490,#2491,#2492,#2493,#2494,#2495,#2500,#2501));
#2490 = ORIENTED_EDGE('',*,*,#515,.F.);
#2491 = ORIENTED_EDGE('',*,*,#1264,.T.);
#2492 = ORIENTED_EDGE('',*,*,#1993,.F.);
#2493 = ORIENTED_EDGE('',*,*,#1342,.F.);
#2494 = ORIENTED_EDGE('',*,*,#506,.F.);
#2495 = ORIENTED_EDGE('',*,*,#2496,.F.);
#2496 = EDGE_CURVE('',#2347,#507,#2497,.T.);
#2497 = B_SPLINE_CURVE_WITH_KNOTS('',1,(#2498,#2499),.UNSPECIFIED.,.F.,
  .F.,(2,2),(-7.,0.),.PIECEWISE_BEZIER_KNOTS.);
#2498 = CARTESIAN_POINT('',(69.,-9.5,15.));
#2499 = CARTESIAN_POINT('',(62.,-9.5,15.));
#2500 = ORIENTED_EDGE('',*,*,#2346,.T.);
#2501 = ORIENTED_EDGE('',*,*,#2496,.T.);
#2502 = CYLINDRICAL_SURFACE('',#2503,5.5);
#2503 = AXIS2_PLACEMENT_3D('',#2504,#2505,#2506);
#2504 = CARTESIAN_POINT('',(62.,-15.,15.));
#2505 = DIRECTION('',(-1.,-0.,-0.));
#2506 = DIRECTION('',(0.,1.,0.));
#2507 = ADVANCED_FACE('',(#2508),#2522,.T.);
#2508 = FACE_BOUND('',#2509,.F.);
#2509 = EDGE_LOOP('',(#2510,#2511,#2512,#2513,#2514,#2515,#2520,#2521));
#2510 = ORIENTED_EDGE('',*,*,#567,.F.);
#2511 = ORIENTED_EDGE('',*,*,#1399,.T.);
#2512 = ORIENTED_EDGE('',*,*,#2090,.F.);
#2513 = ORIENTED_EDGE('',*,*,#1477,.F.);
#2514 = ORIENTED_EDGE('',*,*,#558,.F.);
#2515 = ORIENTED_EDGE('',*,*,#2516,.F.);
#2516 = EDGE_CURVE('',#2392,#559,#2517,.T.);
#2517 = B_SPLINE_CURVE_WITH_KNOTS('',1,(#2518,#2519),.UNSPECIFIED.,.F.,
  .F.,(2,2),(-7.,0.),.PIECEWISE_BEZIER_KNOTS.);
#2518 = CARTESIAN_POINT('',(69.,-39.5,15.));
#2519 = CARTESIAN_POINT('',(62.,-39.5,15.));
#2520 = ORIENTED_EDGE('',*,*,#2391,.T.);
#2521 = ORIENTED_EDGE('',*,*,#2516,.T.);
#2522 = CYLINDRICAL_SURFACE('',#2523,5.5);
#2523 = AXIS2_PLACEMENT_3D('',#2524,#2525,#2526);
#2524 = CARTESIAN_POINT('',(62.,-45.,15.));
#2525 = DIRECTION('',(-1.,-0.,-0.));
#2526 = DIRECTION('',(0.,1.,0.));
#2527 = ( GEOMETRIC_REPRESENTATION_CONTEXT(3) 
GLOBAL_UNCERTAINTY_ASSIGNED_CONTEXT((#2531)) 
GLOBAL_UNIT_ASSIGNED_CONTEXT((#2528,#2529,#2530)) REPRESENTATION_CONTEXT
('Context #1','3D Context with UNIT and UNCERTAINTY') );
#2528 = ( LENGTH_UNIT() NAMED_UNIT(*) SI_UNIT(.MILLI.,.METRE.) );
#2529 = ( NAMED_UNIT(*) PLANE_ANGLE_UNIT() SI_UNIT($,.RADIAN.) );
#2530 = ( NAMED_UNIT(*) SI_UNIT($,.STERADIAN.) SOLID_ANGLE_UNIT() );
#2531 = UNCERTAINTY_MEASURE_WITH_UNIT(LENGTH_MEASURE(2.E-06),#2528,
  'distance_accuracy_value','confusion accuracy');
#2532 = PRODUCT_RELATED_PRODUCT_CATEGORY('part',$,(#7));
#2533 = MECHANICAL_DESIGN_GEOMETRIC_PRESENTATION_REPRESENTATION('',(
    #2534),#2527);
#2534 = STYLED_ITEM('color',(#2535),#15);
#2535 = PRESENTATION_STYLE_ASSIGNMENT((#2536,#2542));
#2536 = SURFACE_STYLE_USAGE(.BOTH.,#2537);
#2537 = SURFACE_SIDE_STYLE('',(#2538));
#2538 = SURFACE_STYLE_FILL_AREA(#2539);
#2539 = FILL_AREA_STYLE('',(#2540));
#2540 = FILL_AREA_STYLE_COLOUR('',#2541);
#2541 = COLOUR_RGB('',0.447058818107,0.474509808674,0.501960817233);
#2542 = CURVE_STYLE('',#2543,POSITIVE_LENGTH_MEASURE(0.1),#2544);
#2543 = DRAUGHTING_PRE_DEFINED_CURVE_FONT('continuous');
#2544 = COLOUR_RGB('',9.803921802644E-02,9.803921802644E-02,
  9.803921802644E-02);
ENDSEC;
END-ISO-10303-21;
